id,income
20901,<=50K
14170,<=50K
1776,>50K
30428,<=50K
8602,<=50K
13269,<=50K
24221,<=50K
746,>50K
24034,<=50K
5658,<=50K
28379,<=50K
28723,<=50K
22817,<=50K
19185,<=50K
25370,<=50K
19528,<=50K
29633,<=50K
20767,>50K
12567,<=50K
18436,>50K
24047,<=50K
414,>50K
18489,<=50K
12681,<=50K
28664,<=50K
10931,<=50K
4711,<=50K
21309,<=50K
30104,<=50K
1676,>50K
28040,<=50K
19156,<=50K
8144,<=50K
23384,<=50K
26114,<=50K
2626,>50K
27745,<=50K
15760,<=50K
7439,>50K
12212,<=50K
24481,<=50K
8348,<=50K
3543,<=50K
19536,<=50K
801,>50K
32008,<=50K
4899,<=50K
5048,<=50K
19662,<=50K
1205,<=50K
18253,>50K
31373,<=50K
17841,<=50K
16636,<=50K
19130,<=50K
216,<=50K
4109,<=50K
5930,<=50K
24906,<=50K
20256,>50K
31981,<=50K
30798,<=50K
5326,<=50K
21217,<=50K
10064,<=50K
25463,<=50K
15476,<=50K
3665,>50K
3097,<=50K
17798,<=50K
9278,<=50K
20186,>50K
2001,>50K
29121,<=50K
18316,<=50K
28780,<=50K
22127,<=50K
7922,<=50K
22389,<=50K
22146,<=50K
25891,<=50K
32304,<=50K
4011,<=50K
29857,<=50K
21565,<=50K
24369,<=50K
1564,>50K
1000,<=50K
22066,>50K
7615,<=50K
7921,<=50K
15985,<=50K
23570,>50K
19590,<=50K
21351,<=50K
2058,>50K
31500,<=50K
22340,<=50K
21088,>50K
21389,<=50K
11708,<=50K
19222,<=50K
1147,<=50K
12098,<=50K
1663,>50K
31165,<=50K
2270,>50K
31807,<=50K
8253,<=50K
10654,<=50K
12566,<=50K
31743,<=50K
21380,<=50K
14329,<=50K
276,<=50K
29922,<=50K
20253,<=50K
13765,<=50K
27616,<=50K
23354,<=50K
14011,<=50K
27626,>50K
19397,>50K
10828,<=50K
21188,>50K
28802,<=50K
9807,<=50K
28213,<=50K
17384,<=50K
20165,<=50K
21748,>50K
22048,<=50K
4990,<=50K
27752,>50K
6498,<=50K
15827,<=50K
991,<=50K
43,>50K
27500,<=50K
6007,<=50K
812,>50K
22938,<=50K
20716,<=50K
23075,<=50K
18904,>50K
2998,<=50K
22729,>50K
5118,<=50K
5932,<=50K
26050,<=50K
32251,<=50K
14573,<=50K
9443,<=50K
24698,<=50K
19592,<=50K
32072,<=50K
13256,<=50K
25119,<=50K
12210,<=50K
4452,<=50K
22254,<=50K
9065,>50K
15019,<=50K
10512,>50K
7530,>50K
13819,<=50K
24292,>50K
30538,<=50K
32332,>50K
9733,<=50K
27311,<=50K
12436,>50K
25063,>50K
30371,<=50K
18970,<=50K
25806,<=50K
15649,<=50K
30134,>50K
6046,<=50K
19155,<=50K
7938,<=50K
2106,>50K
19556,<=50K
4639,<=50K
27402,<=50K
8571,<=50K
3031,>50K
21086,<=50K
15072,<=50K
823,>50K
12496,<=50K
2210,>50K
30964,<=50K
24909,<=50K
16911,>50K
23653,<=50K
23483,<=50K
25533,<=50K
12183,<=50K
29608,<=50K
3375,<=50K
9510,<=50K
28893,<=50K
20967,<=50K
2440,>50K
339,<=50K
376,>50K
13362,<=50K
6790,<=50K
5660,<=50K
20914,<=50K
2127,>50K
26248,<=50K
7000,<=50K
18241,<=50K
12238,<=50K
28525,<=50K
26091,<=50K
14720,<=50K
22870,<=50K
13053,<=50K
7824,<=50K
4829,<=50K
2910,>50K
1259,<=50K
19958,<=50K
15449,>50K
17702,<=50K
23547,<=50K
2479,>50K
581,>50K
15664,<=50K
11024,>50K
24295,<=50K
31717,<=50K
28696,<=50K
31210,<=50K
8145,<=50K
20696,<=50K
10301,>50K
749,>50K
21628,<=50K
7134,<=50K
23166,<=50K
5028,<=50K
10819,<=50K
22838,<=50K
381,>50K
3051,>50K
20336,<=50K
1093,<=50K
7101,>50K
25948,<=50K
9283,<=50K
15622,<=50K
11171,<=50K
10597,<=50K
30543,<=50K
16815,<=50K
7864,>50K
13026,<=50K
20521,<=50K
3265,<=50K
17138,<=50K
7901,<=50K
27970,>50K
20793,<=50K
28457,<=50K
25644,<=50K
15792,<=50K
31815,<=50K
21204,<=50K
14642,<=50K
4704,<=50K
23291,>50K
637,>50K
24422,>50K
251,<=50K
17116,<=50K
11763,<=50K
10471,<=50K
26270,<=50K
12839,<=50K
11112,<=50K
24999,<=50K
23352,<=50K
13551,<=50K
9648,<=50K
17123,>50K
31191,<=50K
15236,<=50K
10199,<=50K
12468,<=50K
15035,<=50K
30151,<=50K
18275,>50K
19458,<=50K
1740,>50K
9676,>50K
5063,>50K
19953,>50K
28019,<=50K
19007,<=50K
30908,<=50K
15320,<=50K
18277,<=50K
26701,>50K
26599,<=50K
22471,<=50K
11872,<=50K
13448,<=50K
4612,<=50K
8072,<=50K
32084,<=50K
19588,<=50K
22853,<=50K
22541,<=50K
30691,<=50K
51,>50K
19521,<=50K
20809,<=50K
19099,<=50K
25217,<=50K
29553,<=50K
25184,<=50K
31379,<=50K
30563,<=50K
24109,>50K
19088,<=50K
6343,<=50K
13799,<=50K
4912,<=50K
15606,>50K
13790,<=50K
25043,<=50K
32337,<=50K
8923,<=50K
23929,<=50K
24820,<=50K
14096,<=50K
25517,<=50K
13727,<=50K
6816,<=50K
7773,<=50K
1512,>50K
16190,<=50K
1735,>50K
18352,<=50K
20567,<=50K
2307,>50K
25602,<=50K
25612,<=50K
24046,<=50K
10702,<=50K
27715,>50K
23550,<=50K
14763,<=50K
7917,<=50K
23033,>50K
30968,<=50K
23943,<=50K
29313,<=50K
11884,<=50K
22587,<=50K
14100,<=50K
3320,>50K
7486,<=50K
15134,<=50K
25647,>50K
501,>50K
8872,<=50K
7828,<=50K
9308,<=50K
601,>50K
25940,<=50K
28024,<=50K
26010,<=50K
30378,<=50K
10984,<=50K
31632,<=50K
16006,<=50K
19620,<=50K
23720,<=50K
17103,>50K
17992,<=50K
29454,>50K
19974,<=50K
2497,>50K
21449,<=50K
10752,<=50K
9523,<=50K
13493,<=50K
5526,<=50K
4755,<=50K
19968,<=50K
59,<=50K
16219,<=50K
21554,<=50K
5443,>50K
1990,>50K
30747,<=50K
31257,<=50K
6020,<=50K
14802,<=50K
2824,>50K
14576,<=50K
25874,<=50K
18481,<=50K
13381,<=50K
27573,<=50K
30238,<=50K
21017,<=50K
11383,<=50K
25464,<=50K
20046,<=50K
21005,<=50K
316,<=50K
5550,<=50K
2871,>50K
17643,<=50K
5106,<=50K
4402,<=50K
420,>50K
12807,>50K
20624,>50K
7552,<=50K
28814,<=50K
21496,<=50K
13754,<=50K
10226,<=50K
5591,<=50K
575,>50K
14659,>50K
11059,<=50K
13061,<=50K
21390,<=50K
7732,<=50K
30548,<=50K
6852,<=50K
6931,<=50K
20878,<=50K
18147,<=50K
6193,<=50K
2886,>50K
3842,<=50K
1831,>50K
27728,<=50K
16120,<=50K
28576,>50K
11051,>50K
7626,<=50K
17532,<=50K
24803,<=50K
26180,<=50K
20429,<=50K
30493,<=50K
20177,<=50K
25020,<=50K
30597,<=50K
21215,<=50K
29512,<=50K
12595,<=50K
25955,>50K
12905,<=50K
2759,>50K
31718,<=50K
17497,<=50K
24003,<=50K
20773,<=50K
15996,<=50K
17405,<=50K
612,>50K
3733,<=50K
12902,<=50K
28515,<=50K
3131,<=50K
32511,<=50K
6425,>50K
16405,<=50K
3223,<=50K
32000,<=50K
4447,>50K
18110,<=50K
4245,<=50K
10410,<=50K
18189,<=50K
21619,<=50K
18373,<=50K
14213,<=50K
26755,<=50K
18319,<=50K
3479,<=50K
1905,>50K
20488,>50K
2054,>50K
29760,<=50K
26943,>50K
16107,<=50K
2577,>50K
5569,<=50K
30779,<=50K
29078,<=50K
23573,<=50K
16993,>50K
26753,>50K
24744,<=50K
23521,<=50K
22487,<=50K
1881,>50K
12195,<=50K
2276,>50K
16548,<=50K
11768,>50K
31854,<=50K
28068,<=50K
19667,<=50K
21157,>50K
11735,<=50K
27517,<=50K
9928,<=50K
27471,<=50K
6413,<=50K
15744,<=50K
6000,<=50K
28743,<=50K
22170,<=50K
15443,<=50K
4411,<=50K
27900,<=50K
20152,<=50K
31775,<=50K
30989,<=50K
19197,>50K
29701,<=50K
11214,<=50K
31700,<=50K
4288,<=50K
31649,<=50K
28063,>50K
30416,>50K
5391,<=50K
21372,<=50K
32320,<=50K
24981,<=50K
15618,<=50K
16124,<=50K
18975,>50K
3169,<=50K
25212,<=50K
11724,<=50K
17975,<=50K
15259,<=50K
10055,<=50K
4037,<=50K
17307,<=50K
6668,<=50K
7490,<=50K
31842,>50K
8240,<=50K
24570,<=50K
4067,<=50K
28827,<=50K
27971,<=50K
512,>50K
13709,<=50K
31408,<=50K
24932,<=50K
24316,<=50K
25440,<=50K
32442,<=50K
24433,<=50K
31348,<=50K
22974,<=50K
5675,<=50K
30190,<=50K
10922,<=50K
11067,<=50K
22207,<=50K
14326,>50K
10432,<=50K
28778,>50K
11985,<=50K
26520,>50K
5248,<=50K
9814,<=50K
21864,>50K
8617,<=50K
13681,<=50K
31900,>50K
2266,>50K
19650,<=50K
32322,<=50K
4758,>50K
5427,<=50K
5701,<=50K
10082,<=50K
17428,<=50K
26267,>50K
14767,<=50K
25124,<=50K
5306,<=50K
16225,<=50K
17722,<=50K
26391,<=50K
6794,<=50K
30815,<=50K
22044,<=50K
6517,<=50K
3149,<=50K
10840,<=50K
7785,<=50K
9061,<=50K
3515,<=50K
27333,<=50K
22552,<=50K
22878,>50K
13008,<=50K
9745,<=50K
22693,<=50K
20304,<=50K
25795,>50K
5868,<=50K
12505,<=50K
10324,<=50K
1904,>50K
26669,<=50K
10265,<=50K
29613,<=50K
19805,<=50K
12103,<=50K
20491,<=50K
10438,<=50K
13329,<=50K
20481,<=50K
28773,<=50K
13312,<=50K
21384,<=50K
27131,<=50K
20406,<=50K
27064,<=50K
6891,<=50K
6047,<=50K
1811,>50K
32484,<=50K
10353,<=50K
10657,<=50K
20277,<=50K
1612,>50K
22185,<=50K
4115,<=50K
16718,<=50K
29767,<=50K
23767,<=50K
24376,<=50K
15158,<=50K
25410,<=50K
22846,<=50K
30785,<=50K
12806,<=50K
9472,<=50K
24331,<=50K
17,>50K
11540,<=50K
14723,>50K
341,<=50K
18925,<=50K
14226,<=50K
30850,>50K
11975,<=50K
23488,<=50K
9656,<=50K
12304,<=50K
3290,<=50K
22244,<=50K
6930,>50K
31916,<=50K
20033,<=50K
25553,<=50K
18320,<=50K
24082,<=50K
31410,<=50K
5490,<=50K
21586,<=50K
24233,<=50K
16574,<=50K
27392,<=50K
24941,>50K
13585,<=50K
1507,<=50K
5767,<=50K
7559,<=50K
9382,<=50K
24227,<=50K
6574,<=50K
30780,<=50K
2516,>50K
4960,<=50K
9062,<=50K
22679,<=50K
4675,<=50K
24131,<=50K
17525,<=50K
16053,<=50K
16726,<=50K
347,<=50K
32090,<=50K
17252,<=50K
13937,>50K
15418,<=50K
3642,<=50K
12,>50K
11875,<=50K
21992,<=50K
28160,<=50K
27240,<=50K
30806,<=50K
24332,<=50K
19049,<=50K
26974,<=50K
10341,<=50K
31905,>50K
24633,>50K
9013,<=50K
4552,<=50K
5278,>50K
27312,<=50K
13811,<=50K
28586,>50K
22931,<=50K
2595,>50K
691,>50K
12667,<=50K
24789,<=50K
29939,<=50K
24931,<=50K
20408,<=50K
4222,<=50K
29098,<=50K
30705,<=50K
1365,<=50K
2592,>50K
10808,<=50K
549,>50K
1198,<=50K
15639,>50K
19419,<=50K
6203,<=50K
22122,<=50K
20538,<=50K
1113,<=50K
15758,<=50K
13518,>50K
18254,<=50K
352,>50K
14159,<=50K
25977,>50K
31679,<=50K
21750,<=50K
9289,<=50K
435,>50K
21212,<=50K
9261,<=50K
10608,<=50K
28437,<=50K
21201,>50K
24420,<=50K
14940,<=50K
27391,<=50K
26863,>50K
26301,<=50K
2217,>50K
15471,<=50K
20168,<=50K
22222,<=50K
31530,<=50K
18293,<=50K
19085,<=50K
31106,<=50K
17256,<=50K
21623,<=50K
12068,<=50K
13702,>50K
11072,<=50K
3889,<=50K
7721,<=50K
25493,<=50K
17701,>50K
15640,<=50K
7219,<=50K
31984,<=50K
3946,<=50K
482,>50K
23797,<=50K
31642,<=50K
822,>50K
585,>50K
30534,<=50K
1523,>50K
32403,<=50K
15304,<=50K
26667,<=50K
14074,<=50K
6502,<=50K
27393,<=50K
10383,<=50K
6223,<=50K
17491,<=50K
8138,<=50K
19877,<=50K
23134,<=50K
25449,<=50K
9086,>50K
20589,<=50K
9286,<=50K
15429,<=50K
31060,<=50K
25036,>50K
22174,<=50K
8992,>50K
29149,>50K
4161,<=50K
14811,<=50K
8718,<=50K
20365,<=50K
29974,<=50K
10584,<=50K
21112,<=50K
7661,<=50K
9998,<=50K
2015,>50K
12909,<=50K
16024,<=50K
10170,<=50K
10066,<=50K
12189,<=50K
3971,<=50K
32126,<=50K
23908,<=50K
6714,<=50K
10747,<=50K
28312,<=50K
15384,<=50K
31086,<=50K
21993,<=50K
15599,<=50K
10569,<=50K
18740,<=50K
19540,<=50K
30353,<=50K
22022,>50K
14796,<=50K
14248,<=50K
10591,<=50K
27055,<=50K
18233,<=50K
21827,>50K
19821,<=50K
8494,<=50K
6923,<=50K
4735,<=50K
25219,>50K
16331,<=50K
20372,<=50K
23598,<=50K
3411,<=50K
27180,<=50K
22038,<=50K
16482,<=50K
24355,<=50K
25705,<=50K
20962,<=50K
9864,>50K
25824,<=50K
26711,>50K
11398,<=50K
14371,<=50K
22722,<=50K
20462,<=50K
13181,<=50K
27068,<=50K
1115,<=50K
27897,<=50K
29167,<=50K
16769,<=50K
22489,<=50K
5562,<=50K
31946,<=50K
14401,<=50K
32061,<=50K
19752,<=50K
3621,<=50K
15784,<=50K
22002,>50K
620,>50K
30326,<=50K
26979,<=50K
25852,<=50K
18706,>50K
21736,<=50K
5379,<=50K
12581,<=50K
32053,<=50K
7956,<=50K
16161,<=50K
2644,>50K
29485,<=50K
2052,>50K
14209,>50K
30900,<=50K
18695,<=50K
16632,<=50K
31007,<=50K
14837,<=50K
9160,<=50K
31819,<=50K
26432,<=50K
19191,<=50K
26013,<=50K
2046,>50K
19250,<=50K
22286,<=50K
31011,<=50K
14445,>50K
4296,<=50K
28714,<=50K
15361,<=50K
8705,<=50K
19749,<=50K
7479,<=50K
21711,<=50K
5558,<=50K
31117,<=50K
26684,<=50K
22,<=50K
17885,<=50K
14312,<=50K
465,>50K
23480,<=50K
18704,<=50K
4361,<=50K
32212,<=50K
9649,<=50K
27044,>50K
17071,<=50K
2882,>50K
2200,>50K
29031,<=50K
23273,<=50K
28165,<=50K
31827,<=50K
20749,<=50K
19392,<=50K
25693,<=50K
364,>50K
11769,<=50K
26356,<=50K
15583,<=50K
15216,<=50K
16475,<=50K
9608,<=50K
15886,<=50K
10862,<=50K
22294,<=50K
4703,<=50K
24750,<=50K
28659,<=50K
30081,<=50K
30288,<=50K
6788,<=50K
17399,<=50K
15448,>50K
11733,<=50K
2252,>50K
22757,>50K
26930,<=50K
23062,<=50K
745,>50K
29358,<=50K
7826,<=50K
2271,>50K
23393,>50K
22280,>50K
22004,>50K
1809,>50K
11760,<=50K
5155,<=50K
27291,<=50K
25286,<=50K
32517,<=50K
5189,<=50K
30793,<=50K
23578,<=50K
7825,>50K
5906,<=50K
13621,<=50K
704,>50K
24544,<=50K
15770,>50K
23609,>50K
27667,<=50K
26090,<=50K
15646,<=50K
24497,>50K
28405,<=50K
23173,<=50K
28776,<=50K
26818,>50K
12759,>50K
29246,<=50K
29621,<=50K
25470,<=50K
19393,<=50K
16460,<=50K
20015,<=50K
14000,<=50K
2572,>50K
12561,<=50K
27168,<=50K
18657,<=50K
10133,<=50K
10077,<=50K
28567,<=50K
1316,<=50K
16795,<=50K
10318,<=50K
6473,<=50K
20558,<=50K
5703,<=50K
7274,<=50K
12199,<=50K
26304,>50K
27028,<=50K
32396,<=50K
23445,<=50K
191,>50K
20517,<=50K
23947,<=50K
10075,<=50K
14423,<=50K
27411,<=50K
20163,<=50K
6970,<=50K
4338,<=50K
26933,<=50K
6782,<=50K
21311,<=50K
1091,<=50K
12973,<=50K
20876,<=50K
29111,<=50K
2140,>50K
6116,<=50K
20325,<=50K
20108,<=50K
23448,<=50K
7289,<=50K
5629,<=50K
3237,<=50K
11380,<=50K
17119,<=50K
11997,<=50K
19983,<=50K
29117,<=50K
2238,>50K
19915,<=50K
17237,<=50K
5960,<=50K
17873,<=50K
24038,>50K
9580,<=50K
9285,<=50K
19678,<=50K
24637,<=50K
5474,<=50K
24731,<=50K
9077,<=50K
27633,<=50K
11629,<=50K
28510,<=50K
4266,<=50K
9175,<=50K
11794,>50K
15241,<=50K
11652,<=50K
21323,<=50K
29021,<=50K
14647,<=50K
26064,>50K
29005,<=50K
24182,<=50K
29696,<=50K
29490,<=50K
5407,<=50K
17056,<=50K
1045,<=50K
16463,<=50K
3255,<=50K
6316,<=50K
4898,<=50K
12964,<=50K
28997,<=50K
2008,>50K
7033,>50K
12657,<=50K
22500,<=50K
8288,>50K
28809,<=50K
18163,<=50K
306,<=50K
30435,<=50K
13406,>50K
25850,<=50K
6638,>50K
12228,<=50K
27807,<=50K
29620,<=50K
22977,>50K
5111,<=50K
25736,<=50K
31421,<=50K
6420,<=50K
13978,<=50K
22299,<=50K
11481,<=50K
20518,<=50K
28258,<=50K
7803,<=50K
27820,<=50K
29307,<=50K
23150,>50K
14434,<=50K
16377,<=50K
20894,<=50K
15325,<=50K
25844,<=50K
20127,<=50K
2109,>50K
19187,<=50K
18378,<=50K
7116,>50K
15357,<=50K
1861,>50K
19174,<=50K
6378,<=50K
25448,<=50K
2558,>50K
24534,<=50K
15983,<=50K
12326,<=50K
19378,<=50K
24878,<=50K
29127,<=50K
24915,>50K
13054,<=50K
10811,<=50K
10111,<=50K
22954,<=50K
15352,<=50K
29349,<=50K
20362,<=50K
21425,<=50K
11433,<=50K
22651,<=50K
12331,<=50K
5875,<=50K
22933,<=50K
5755,<=50K
290,>50K
18565,<=50K
19160,<=50K
4282,<=50K
24471,<=50K
24752,<=50K
29931,>50K
8169,<=50K
25526,<=50K
12273,<=50K
22740,<=50K
4694,<=50K
13859,<=50K
30094,>50K
12504,>50K
9028,<=50K
19205,<=50K
18024,<=50K
22763,<=50K
7387,<=50K
19738,<=50K
25278,<=50K
5563,<=50K
14832,<=50K
694,>50K
14726,>50K
18543,<=50K
23818,<=50K
18202,<=50K
32164,>50K
160,<=50K
10855,<=50K
11937,<=50K
28248,<=50K
15741,>50K
14205,<=50K
21648,<=50K
16987,<=50K
23721,<=50K
32130,<=50K
7607,<=50K
21367,<=50K
25786,<=50K
24923,<=50K
13029,<=50K
5128,<=50K
6977,<=50K
7722,>50K
8433,<=50K
13370,<=50K
12772,<=50K
32294,<=50K
18447,<=50K
18563,<=50K
16515,>50K
20398,<=50K
23206,>50K
12844,<=50K
9932,<=50K
20787,<=50K
30128,<=50K
18677,<=50K
14959,>50K
22555,>50K
13581,<=50K
20857,<=50K
12133,<=50K
20485,<=50K
25364,<=50K
3576,<=50K
20132,<=50K
28836,<=50K
2413,>50K
12368,>50K
7103,<=50K
3069,>50K
24738,<=50K
22488,<=50K
26005,<=50K
13903,<=50K
30831,<=50K
10321,<=50K
5233,<=50K
9476,<=50K
25384,<=50K
1662,>50K
6428,>50K
18680,<=50K
16522,>50K
17899,<=50K
1048,<=50K
1890,>50K
213,<=50K
7622,<=50K
502,>50K
26921,<=50K
2178,>50K
13287,>50K
7028,<=50K
7058,>50K
16112,<=50K
25434,<=50K
32519,<=50K
26627,<=50K
13405,<=50K
23807,<=50K
28347,<=50K
23602,<=50K
14962,<=50K
9772,<=50K
25255,<=50K
7867,<=50K
6386,<=50K
18805,<=50K
13482,<=50K
19325,<=50K
28302,<=50K
6276,<=50K
8366,<=50K
21370,<=50K
3557,<=50K
27226,<=50K
5966,<=50K
29894,<=50K
10526,<=50K
14444,<=50K
12933,<=50K
17424,<=50K
10212,<=50K
9839,<=50K
9021,>50K
17911,<=50K
5415,<=50K
21203,<=50K
4217,<=50K
26963,<=50K
21931,<=50K
15403,<=50K
1306,<=50K
12532,<=50K
9133,<=50K
6525,<=50K
29327,<=50K
7670,>50K
22885,<=50K
11167,<=50K
16390,>50K
20685,<=50K
19619,<=50K
12770,<=50K
7013,<=50K
19867,<=50K
24525,<=50K
8499,<=50K
17025,<=50K
16237,<=50K
3628,<=50K
27587,<=50K
2946,>50K
15684,>50K
14517,<=50K
10523,>50K
25295,<=50K
7083,<=50K
5536,<=50K
6227,<=50K
7046,<=50K
9989,<=50K
25379,<=50K
29835,<=50K
31756,<=50K
10716,<=50K
19560,<=50K
26489,>50K
25983,<=50K
1460,<=50K
21299,<=50K
14596,<=50K
2118,>50K
11253,<=50K
16936,<=50K
22941,<=50K
30366,<=50K
6348,<=50K
13109,<=50K
19495,<=50K
10991,<=50K
29481,<=50K
725,>50K
16268,<=50K
23388,<=50K
7168,<=50K
2010,>50K
20703,>50K
17905,<=50K
7574,<=50K
28821,<=50K
16289,<=50K
12803,<=50K
22919,<=50K
25556,<=50K
13378,<=50K
22797,<=50K
3549,<=50K
29404,<=50K
31865,<=50K
7986,<=50K
21038,<=50K
5218,<=50K
22419,<=50K
239,<=50K
27910,<=50K
9405,<=50K
10927,<=50K
26339,<=50K
30679,>50K
24214,<=50K
171,>50K
14158,<=50K
7231,<=50K
23962,<=50K
2009,>50K
28367,<=50K
31860,>50K
17506,<=50K
18877,<=50K
29195,<=50K
4553,<=50K
7301,<=50K
17845,<=50K
13104,<=50K
50,>50K
4717,<=50K
9927,<=50K
18794,<=50K
10152,<=50K
674,>50K
5651,<=50K
13564,<=50K
30756,<=50K
31241,<=50K
28542,<=50K
7369,<=50K
29654,<=50K
6072,>50K
28787,<=50K
2775,>50K
24833,<=50K
907,<=50K
14808,<=50K
7629,<=50K
28158,<=50K
17578,<=50K
6631,<=50K
23179,<=50K
12311,<=50K
21915,>50K
28151,>50K
2493,>50K
6162,<=50K
21089,<=50K
30234,<=50K
2021,>50K
3199,<=50K
18195,<=50K
27176,<=50K
17959,<=50K
13900,<=50K
21598,<=50K
24073,<=50K
12061,<=50K
21325,>50K
25974,<=50K
4214,<=50K
27205,<=50K
5195,<=50K
15634,<=50K
29975,<=50K
24784,<=50K
29196,<=50K
22194,<=50K
26031,<=50K
28221,<=50K
2262,>50K
29414,<=50K
6304,>50K
12014,<=50K
28806,<=50K
22164,<=50K
20077,<=50K
9868,<=50K
3503,<=50K
16286,>50K
21969,<=50K
11045,<=50K
7312,<=50K
30790,<=50K
7984,<=50K
28598,<=50K
24344,<=50K
26632,<=50K
32055,>50K
7765,<=50K
6770,<=50K
3364,<=50K
26595,<=50K
27385,<=50K
31628,<=50K
15626,<=50K
4842,<=50K
13140,<=50K
25668,>50K
3466,<=50K
358,>50K
12703,<=50K
21036,<=50K
14424,>50K
9340,<=50K
6290,<=50K
16992,<=50K
18700,>50K
12010,<=50K
32181,<=50K
816,>50K
31341,<=50K
3689,>50K
8558,<=50K
1318,<=50K
27382,<=50K
6979,>50K
28519,<=50K
31622,<=50K
2540,>50K
28478,<=50K
13645,<=50K
4317,<=50K
5125,<=50K
27124,<=50K
17109,>50K
27059,<=50K
18666,<=50K
26949,>50K
23799,<=50K
5904,<=50K
13444,<=50K
3478,<=50K
2341,>50K
19372,<=50K
20142,<=50K
21814,<=50K
28594,<=50K
630,>50K
7419,<=50K
11025,<=50K
6808,<=50K
19091,<=50K
30794,>50K
1378,<=50K
9046,<=50K
2219,>50K
29347,<=50K
27528,<=50K
31253,<=50K
2257,>50K
8906,<=50K
19870,<=50K
18976,<=50K
16635,<=50K
23485,<=50K
26694,>50K
24164,>50K
4872,<=50K
14625,<=50K
11852,<=50K
8845,>50K
29659,<=50K
25110,<=50K
5103,<=50K
16680,<=50K
7579,<=50K
22837,<=50K
21800,<=50K
16499,>50K
28000,<=50K
31449,<=50K
7049,<=50K
13046,<=50K
9467,<=50K
21763,<=50K
7996,>50K
16452,<=50K
4195,<=50K
32546,<=50K
10816,<=50K
23063,<=50K
14421,<=50K
21315,<=50K
3707,>50K
28896,<=50K
24549,<=50K
13719,<=50K
32284,<=50K
16375,<=50K
23813,<=50K
32481,<=50K
27590,<=50K
10887,<=50K
5870,<=50K
31504,<=50K
27903,<=50K
27039,<=50K
24608,<=50K
7612,<=50K
29392,<=50K
30268,<=50K
29721,<=50K
8406,<=50K
2451,>50K
29674,<=50K
23441,<=50K
9088,<=50K
9400,>50K
6397,<=50K
13310,<=50K
32227,<=50K
25515,>50K
6840,<=50K
15861,<=50K
22404,<=50K
5332,<=50K
22815,<=50K
31043,<=50K
25015,<=50K
6527,<=50K
30727,<=50K
10806,<=50K
6459,<=50K
22756,<=50K
3218,<=50K
13113,<=50K
12983,<=50K
29968,<=50K
25230,<=50K
30494,<=50K
8688,>50K
14523,>50K
15414,>50K
11445,<=50K
16764,>50K
399,>50K
6635,<=50K
23683,<=50K
8739,>50K
13411,<=50K
2774,>50K
24320,<=50K
5946,>50K
8392,<=50K
21226,<=50K
14518,<=50K
5590,<=50K
3357,<=50K
31560,<=50K
10952,>50K
4851,<=50K
17749,>50K
965,>50K
21885,<=50K
10091,>50K
19512,>50K
10186,<=50K
14764,<=50K
6414,<=50K
24189,<=50K
23113,<=50K
15988,<=50K
30495,<=50K
6,<=50K
27069,<=50K
16367,<=50K
5179,<=50K
26018,<=50K
7259,>50K
12380,<=50K
22023,<=50K
8694,<=50K
12376,<=50K
7467,<=50K
31631,>50K
14006,<=50K
16229,<=50K
20052,>50K
25327,<=50K
14631,>50K
19128,<=50K
18428,<=50K
10988,<=50K
9840,<=50K
26170,<=50K
9112,>50K
25474,<=50K
2709,>50K
6683,<=50K
27889,<=50K
23190,<=50K
17854,<=50K
31779,<=50K
6448,<=50K
30865,<=50K
29369,<=50K
5164,<=50K
9352,<=50K
2482,>50K
30224,<=50K
25180,<=50K
1887,>50K
13390,<=50K
13933,<=50K
13767,<=50K
7170,<=50K
27891,<=50K
28838,<=50K
3699,<=50K
22818,<=50K
2195,>50K
8327,<=50K
673,>50K
5582,<=50K
23507,<=50K
17243,<=50K
30874,<=50K
13583,<=50K
17139,>50K
25104,<=50K
5297,<=50K
2343,>50K
2192,>50K
3367,<=50K
30671,>50K
16866,<=50K
23219,<=50K
25166,<=50K
13916,>50K
13994,<=50K
28500,<=50K
22417,<=50K
2849,>50K
9704,<=50K
9012,<=50K
22832,<=50K
12002,<=50K
31324,<=50K
8704,<=50K
30201,<=50K
18955,<=50K
5586,<=50K
30594,<=50K
22129,<=50K
15075,<=50K
22076,<=50K
19095,<=50K
8687,<=50K
28715,<=50K
25623,>50K
3445,<=50K
4326,<=50K
16651,<=50K
2484,>50K
14577,<=50K
20960,<=50K
303,<=50K
5412,<=50K
12512,<=50K
9976,>50K
8834,>50K
18105,<=50K
32157,<=50K
24859,<=50K
30825,<=50K
5496,<=50K
1982,>50K
2521,>50K
25251,>50K
22678,<=50K
23123,>50K
32074,<=50K
6030,<=50K
21609,<=50K
1244,<=50K
16560,<=50K
5015,<=50K
28783,<=50K
22809,<=50K
20532,>50K
14040,>50K
11813,<=50K
1684,<=50K
20453,<=50K
1726,>50K
1343,>50K
27552,<=50K
2003,>50K
7186,<=50K
25471,>50K
23471,<=50K
10371,<=50K
23477,<=50K
640,>50K
11529,<=50K
8289,<=50K
19799,<=50K
5180,<=50K
31069,<=50K
9762,<=50K
3678,>50K
29273,<=50K
11789,<=50K
25827,<=50K
5908,>50K
7557,<=50K
1556,>50K
29527,>50K
20561,<=50K
5628,<=50K
9171,>50K
5712,<=50K
14572,<=50K
1981,>50K
4979,<=50K
18430,<=50K
29176,>50K
10300,<=50K
21935,<=50K
16644,<=50K
19033,<=50K
1531,>50K
1481,<=50K
32022,<=50K
16823,>50K
27654,<=50K
18812,<=50K
19694,<=50K
705,>50K
18765,<=50K
26122,<=50K
16473,<=50K
32479,<=50K
3263,<=50K
20265,<=50K
31145,<=50K
11702,<=50K
7129,<=50K
31978,<=50K
6482,<=50K
7794,<=50K
20973,>50K
14910,<=50K
1606,>50K
8163,<=50K
2629,>50K
28293,<=50K
31695,<=50K
29478,<=50K
19576,>50K
16181,<=50K
6209,<=50K
14173,<=50K
14800,>50K
805,>50K
32313,>50K
11328,<=50K
20448,>50K
31664,<=50K
11179,<=50K
1960,>50K
24711,>50K
12550,<=50K
16825,<=50K
7037,<=50K
10903,<=50K
22589,<=50K
5549,<=50K
26757,<=50K
3007,>50K
11394,<=50K
11942,<=50K
11596,<=50K
21003,>50K
22557,<=50K
6423,<=50K
10700,<=50K
14670,<=50K
10146,<=50K
19426,<=50K
12283,>50K
16253,<=50K
27206,<=50K
27801,<=50K
6703,<=50K
11892,<=50K
23900,<=50K
32419,<=50K
31535,<=50K
6052,<=50K
29232,<=50K
8130,<=50K
15647,<=50K
23470,<=50K
15056,<=50K
17632,<=50K
26262,<=50K
25475,<=50K
13023,<=50K
14182,<=50K
18380,<=50K
29707,<=50K
27464,<=50K
18124,<=50K
32117,<=50K
19031,<=50K
7550,<=50K
25539,<=50K
5271,>50K
9658,<=50K
17847,<=50K
6362,<=50K
20844,>50K
1771,>50K
30536,<=50K
21803,<=50K
9842,<=50K
6220,<=50K
3602,<=50K
22921,>50K
26433,<=50K
12510,<=50K
30158,>50K
4428,<=50K
6248,<=50K
6434,<=50K
7943,<=50K
1914,>50K
23736,<=50K
10905,>50K
26040,<=50K
9254,<=50K
18007,<=50K
9462,>50K
8769,<=50K
25374,<=50K
4465,<=50K
17324,<=50K
7923,<=50K
8729,<=50K
11773,<=50K
27563,<=50K
13324,>50K
26612,>50K
9329,<=50K
2961,<=50K
8811,<=50K
18037,<=50K
16708,<=50K
15206,>50K
1025,<=50K
17526,>50K
12576,<=50K
1944,>50K
532,<=50K
25906,<=50K
5936,>50K
7069,<=50K
5777,<=50K
20744,<=50K
27204,<=50K
6830,<=50K
8165,<=50K
24849,<=50K
23909,<=50K
27133,<=50K
13514,<=50K
11902,<=50K
29804,<=50K
7974,<=50K
26113,<=50K
8893,<=50K
14885,<=50K
7354,<=50K
8085,<=50K
6570,<=50K
23667,<=50K
27911,<=50K
8153,<=50K
18026,>50K
27927,>50K
5484,<=50K
12456,<=50K
6807,<=50K
82,>50K
10149,<=50K
25863,<=50K
19743,<=50K
14093,<=50K
7597,<=50K
29914,>50K
8157,<=50K
17568,<=50K
7915,<=50K
16461,<=50K
19600,<=50K
28800,<=50K
9183,>50K
29054,<=50K
9715,<=50K
3683,<=50K
168,<=50K
25544,<=50K
10182,<=50K
3898,<=50K
26920,<=50K
14169,<=50K
10989,>50K
1621,>50K
20747,>50K
14382,<=50K
2663,>50K
24629,<=50K
323,<=50K
21260,<=50K
11248,<=50K
13595,<=50K
32545,>50K
11546,<=50K
24495,<=50K
27740,<=50K
3682,<=50K
8854,<=50K
19649,<=50K
10453,<=50K
31675,<=50K
26033,<=50K
11071,<=50K
19126,<=50K
3287,>50K
7089,<=50K
6908,<=50K
12642,<=50K
19159,<=50K
32005,<=50K
4607,<=50K
8143,>50K
10255,<=50K
13099,<=50K
1532,>50K
19510,<=50K
17486,<=50K
24343,<=50K
31802,<=50K
24074,<=50K
14036,<=50K
7906,<=50K
12514,>50K
6665,<=50K
2201,>50K
23822,<=50K
25498,<=50K
7941,<=50K
31871,<=50K
20911,<=50K
18690,<=50K
1333,<=50K
30304,<=50K
23223,<=50K
20110,<=50K
31012,<=50K
29538,<=50K
18851,>50K
751,>50K
1320,<=50K
18546,<=50K
17565,<=50K
11226,<=50K
190,<=50K
30499,<=50K
19840,>50K
16642,<=50K
6688,<=50K
22935,<=50K
3958,<=50K
8122,<=50K
5170,<=50K
9468,>50K
22646,<=50K
30337,<=50K
12868,<=50K
17831,<=50K
7348,<=50K
1024,<=50K
27412,<=50K
3421,<=50K
31332,>50K
1770,>50K
20173,<=50K
10264,<=50K
9233,>50K
24351,<=50K
13888,<=50K
28975,<=50K
21608,<=50K
15507,<=50K
4117,<=50K
14660,<=50K
18633,<=50K
31022,<=50K
20614,<=50K
5266,<=50K
25929,>50K
17712,<=50K
24135,>50K
21058,>50K
14281,<=50K
17354,<=50K
29412,<=50K
5434,<=50K
12853,<=50K
15526,<=50K
20227,<=50K
9117,>50K
3191,<=50K
31030,<=50K
10694,<=50K
15239,<=50K
9294,<=50K
27880,>50K
19457,<=50K
1446,<=50K
24767,<=50K
17481,<=50K
10415,<=50K
21547,<=50K
21134,<=50K
18589,>50K
18102,<=50K
21918,<=50K
27618,<=50K
14836,<=50K
24575,<=50K
5840,<=50K
21259,<=50K
23053,<=50K
17563,<=50K
20948,<=50K
13880,<=50K
26444,<=50K
2438,>50K
7280,>50K
9535,<=50K
11358,<=50K
8207,<=50K
1483,<=50K
22559,<=50K
25521,<=50K
31187,>50K
23858,>50K
13987,<=50K
6188,<=50K
12292,<=50K
24621,<=50K
22618,>50K
8166,<=50K
16658,>50K
30515,<=50K
6987,<=50K
19041,<=50K
23623,<=50K
2811,>50K
26734,<=50K
15230,<=50K
25483,<=50K
15577,<=50K
18252,<=50K
28804,<=50K
28901,<=50K
17590,<=50K
5713,>50K
7905,<=50K
12280,>50K
15269,<=50K
20102,<=50K
17941,>50K
9855,<=50K
10482,>50K
1827,>50K
1079,<=50K
1189,<=50K
31726,<=50K
901,<=50K
24904,<=50K
3924,<=50K
25697,>50K
27378,<=50K
16997,<=50K
1342,>50K
28650,<=50K
23518,<=50K
19107,<=50K
15101,<=50K
19776,>50K
29533,<=50K
29430,<=50K
19046,>50K
29632,<=50K
32429,<=50K
12993,<=50K
15888,<=50K
9894,>50K
21385,<=50K
16602,<=50K
4728,<=50K
4951,<=50K
5864,<=50K
3089,>50K
16327,<=50K
2060,>50K
340,<=50K
12054,<=50K
25959,<=50K
9250,<=50K
10322,<=50K
28579,<=50K
18622,>50K
7257,<=50K
28689,<=50K
28236,<=50K
28971,<=50K
23611,<=50K
3747,<=50K
1772,>50K
25415,<=50K
13340,>50K
12042,<=50K
6876,<=50K
24953,<=50K
26746,<=50K
23536,<=50K
27686,<=50K
12080,>50K
11802,<=50K
20566,<=50K
3964,<=50K
17240,<=50K
10906,<=50K
7526,>50K
22782,<=50K
1995,>50K
27744,<=50K
2895,>50K
30130,>50K
25775,>50K
28253,>50K
16316,<=50K
27485,>50K
11921,<=50K
19370,<=50K
31510,>50K
26155,<=50K
30208,<=50K
32042,>50K
19535,<=50K
7862,<=50K
10312,<=50K
6287,<=50K
22934,<=50K
15668,<=50K
29030,<=50K
23803,<=50K
4917,<=50K
28146,<=50K
4390,<=50K
3663,<=50K
32458,<=50K
29716,<=50K
14156,<=50K
30754,>50K
3317,<=50K
19395,<=50K
21466,<=50K
21432,<=50K
10,>50K
1547,>50K
97,>50K
14008,<=50K
15629,>50K
19499,>50K
30955,<=50K
22798,<=50K
24118,<=50K
16558,<=50K
25149,<=50K
20175,<=50K
29797,<=50K
31266,<=50K
26675,>50K
8876,>50K
27580,<=50K
8920,<=50K
27692,<=50K
24787,<=50K
29037,>50K
4974,<=50K
3350,<=50K
27428,<=50K
6157,<=50K
11621,<=50K
13560,<=50K
26343,<=50K
3843,<=50K
8203,<=50K
31939,<=50K
30121,<=50K
22808,<=50K
5410,<=50K
30111,<=50K
639,>50K
14735,<=50K
10740,<=50K
7,>50K
25914,<=50K
1272,<=50K
6978,<=50K
4889,<=50K
28069,<=50K
15590,<=50K
5030,<=50K
4341,<=50K
11311,<=50K
24152,<=50K
31141,<=50K
20619,<=50K
6301,<=50K
4355,<=50K
5357,<=50K
3396,<=50K
28848,<=50K
210,<=50K
18535,<=50K
21737,<=50K
13227,<=50K
7378,<=50K
23478,<=50K
28810,<=50K
380,>50K
15029,<=50K
16608,<=50K
4582,<=50K
6843,<=50K
26874,<=50K
13017,<=50K
30677,<=50K
29494,<=50K
6234,<=50K
2853,>50K
9006,<=50K
18405,<=50K
12623,>50K
22013,>50K
13641,<=50K
10689,<=50K
6439,<=50K
15083,<=50K
1022,<=50K
27562,<=50K
15096,<=50K
19025,<=50K
16906,<=50K
3635,<=50K
385,>50K
7973,<=50K
26092,<=50K
27943,<=50K
14509,<=50K
31236,>50K
22564,<=50K
17292,<=50K
30235,<=50K
4981,<=50K
3530,<=50K
12144,<=50K
16305,<=50K
19905,<=50K
9588,<=50K
7143,>50K
12575,>50K
10753,<=50K
31518,>50K
10567,<=50K
26450,<=50K
4670,<=50K
18661,<=50K
32146,<=50K
30791,>50K
29154,<=50K
2662,<=50K
17061,<=50K
20695,<=50K
15817,<=50K
32206,<=50K
71,>50K
29544,<=50K
3966,<=50K
8018,<=50K
11447,<=50K
23880,<=50K
155,<=50K
26956,<=50K
995,<=50K
10604,<=50K
9798,<=50K
7053,<=50K
11009,<=50K
24341,<=50K
4766,<=50K
23329,<=50K
16075,<=50K
28353,<=50K
19760,>50K
4034,<=50K
30833,<=50K
30568,<=50K
7331,<=50K
20286,<=50K
18995,<=50K
28495,<=50K
18099,<=50K
8701,<=50K
12113,<=50K
5634,>50K
12052,<=50K
9154,>50K
11904,>50K
29310,<=50K
22438,<=50K
23110,<=50K
19699,<=50K
25500,<=50K
28203,<=50K
3369,<=50K
19529,<=50K
7385,<=50K
14892,<=50K
21252,>50K
20262,<=50K
28532,<=50K
27370,>50K
20178,<=50K
16563,<=50K
24841,<=50K
26381,<=50K
27566,>50K
15796,<=50K
19214,<=50K
8640,<=50K
29661,<=50K
30481,<=50K
13938,<=50K
24282,<=50K
25595,>50K
10691,>50K
9607,<=50K
659,>50K
24688,<=50K
7228,>50K
7665,<=50K
16868,<=50K
27689,<=50K
14703,<=50K
16101,<=50K
18525,>50K
2235,>50K
25389,<=50K
18798,<=50K
2720,>50K
30138,<=50K
13926,<=50K
16326,<=50K
11305,<=50K
27458,<=50K
20540,<=50K
6148,>50K
22480,<=50K
32316,<=50K
29952,>50K
28546,<=50K
24296,<=50K
14500,>50K
26390,<=50K
6920,<=50K
8942,<=50K
6039,<=50K
13857,<=50K
4684,>50K
15314,<=50K
12987,<=50K
3638,<=50K
20348,<=50K
7213,<=50K
15336,<=50K
3896,<=50K
7327,<=50K
14227,<=50K
24463,<=50K
30746,<=50K
24208,<=50K
13708,<=50K
1664,>50K
31499,<=50K
30228,<=50K
32339,<=50K
819,>50K
20687,<=50K
29435,<=50K
30478,<=50K
31780,>50K
31331,<=50K
7535,<=50K
6556,>50K
5826,<=50K
5863,<=50K
7014,<=50K
17221,<=50K
16740,<=50K
20027,<=50K
26895,<=50K
873,>50K
8766,>50K
32532,<=50K
2878,>50K
21820,<=50K
7370,<=50K
20811,<=50K
13030,<=50K
14819,<=50K
18144,<=50K
14966,<=50K
5631,<=50K
25768,<=50K
32220,<=50K
1857,>50K
5116,<=50K
3755,<=50K
11954,<=50K
9324,<=50K
25934,<=50K
29669,>50K
30114,<=50K
10326,<=50K
28237,<=50K
3710,<=50K
11531,<=50K
31719,<=50K
3046,>50K
10821,<=50K
30769,<=50K
11147,<=50K
18898,<=50K
952,>50K
15197,>50K
4605,<=50K
773,>50K
4384,<=50K
21465,<=50K
13934,<=50K
31115,<=50K
11909,<=50K
25191,<=50K
29700,<=50K
25943,<=50K
31602,<=50K
3995,<=50K
28632,<=50K
10387,<=50K
13164,<=50K
18218,<=50K
13839,<=50K
16779,<=50K
22710,<=50K
14110,<=50K
1953,>50K
12236,<=50K
10949,<=50K
15,>50K
29329,<=50K
15911,<=50K
8765,<=50K
1764,>50K
19906,<=50K
13540,<=50K
23952,<=50K
3944,<=50K
20621,>50K
22366,>50K
23362,<=50K
11031,<=50K
25667,<=50K
16736,<=50K
30358,<=50K
27222,<=50K
29401,<=50K
16584,<=50K
27758,<=50K
16430,<=50K
25393,<=50K
10052,<=50K
16677,<=50K
356,>50K
16711,>50K
12517,>50K
4715,<=50K
17334,<=50K
17443,<=50K
31175,<=50K
13796,<=50K
28204,>50K
32530,<=50K
16633,<=50K
6796,>50K
27591,<=50K
26496,<=50K
7857,<=50K
11654,>50K
21131,<=50K
29106,<=50K
17896,<=50K
4255,<=50K
12107,<=50K
7669,<=50K
8657,<=50K
21232,<=50K
31567,<=50K
8822,<=50K
10541,>50K
12533,<=50K
15002,<=50K
11854,<=50K
17262,<=50K
9447,<=50K
5441,<=50K
5101,<=50K
5109,>50K
1950,>50K
15965,<=50K
16784,<=50K
18664,<=50K
22019,<=50K
23763,<=50K
5928,<=50K
31160,<=50K
25378,<=50K
9149,>50K
5348,<=50K
20329,<=50K
2728,>50K
17296,<=50K
28371,<=50K
7171,<=50K
27320,<=50K
19809,<=50K
31588,<=50K
14639,<=50K
26510,<=50K
15266,<=50K
26748,<=50K
14332,>50K
17228,<=50K
5605,<=50K
7949,<=50K
2455,>50K
1454,<=50K
16627,<=50K
8652,<=50K
24244,>50K
27286,<=50K
30800,<=50K
4482,<=50K
24026,>50K
7489,>50K
15008,<=50K
8867,<=50K
17339,<=50K
21733,<=50K
16246,<=50K
20476,<=50K
7120,<=50K
21223,<=50K
26767,<=50K
22329,<=50K
4847,<=50K
2104,>50K
21912,<=50K
27123,<=50K
21116,<=50K
20764,<=50K
25469,<=50K
9970,<=50K
22388,<=50K
11086,<=50K
22525,<=50K
5,>50K
20323,<=50K
7252,<=50K
27588,<=50K
23459,<=50K
19746,<=50K
1453,<=50K
3980,<=50K
19786,<=50K
2673,>50K
5957,<=50K
22392,<=50K
31400,<=50K
16275,<=50K
19929,<=50K
4476,>50K
14758,<=50K
30596,<=50K
15716,>50K
2800,>50K
23449,<=50K
268,<=50K
7609,<=50K
11093,>50K
26034,<=50K
1171,<=50K
19811,<=50K
1195,<=50K
32161,<=50K
9878,<=50K
30923,<=50K
5090,<=50K
30275,>50K
11487,<=50K
7208,<=50K
11838,>50K
8983,<=50K
21129,<=50K
19716,<=50K
15923,<=50K
8711,<=50K
4035,<=50K
6596,<=50K
8490,<=50K
661,>50K
1730,>50K
2117,>50K
31553,<=50K
11255,<=50K
21781,<=50K
6650,<=50K
22523,>50K
16294,<=50K
28794,<=50K
12688,>50K
24533,<=50K
27634,<=50K
24934,<=50K
4524,<=50K
26089,<=50K
1703,>50K
3807,<=50K
1444,<=50K
28020,<=50K
27882,<=50K
12584,<=50K
2723,>50K
20412,<=50K
15328,>50K
21326,<=50K
7352,<=50K
13356,<=50K
26070,<=50K
9200,<=50K
11695,<=50K
31935,<=50K
18412,<=50K
1164,<=50K
18125,>50K
19875,>50K
30916,>50K
22252,<=50K
30073,<=50K
10045,<=50K
19234,<=50K
5948,<=50K
8750,<=50K
28987,<=50K
28471,<=50K
24758,>50K
508,>50K
16255,<=50K
28423,<=50K
14967,<=50K
17070,<=50K
9307,<=50K
16865,<=50K
19141,<=50K
4877,<=50K
26224,<=50K
3021,>50K
32415,<=50K
21468,<=50K
32112,>50K
17805,<=50K
27674,>50K
31019,<=50K
31456,<=50K
1604,>50K
86,>50K
30717,<=50K
12775,>50K
19609,<=50K
26241,<=50K
22112,>50K
21829,<=50K
19901,<=50K
12354,<=50K
31434,<=50K
24964,>50K
18326,<=50K
24313,<=50K
5291,<=50K
9480,<=50K
30062,<=50K
21951,<=50K
29131,<=50K
24105,<=50K
13810,<=50K
1206,<=50K
2661,>50K
17426,<=50K
9548,<=50K
27417,<=50K
13615,<=50K
21944,>50K
447,>50K
9783,<=50K
6817,<=50K
17804,>50K
20792,<=50K
23040,<=50K
30237,<=50K
19857,<=50K
21235,<=50K
25680,<=50K
123,<=50K
23730,<=50K
22985,<=50K
6022,<=50K
32463,<=50K
4234,<=50K
30699,<=50K
13866,<=50K
19826,<=50K
21001,<=50K
26546,<=50K
29239,<=50K
30147,<=50K
19284,<=50K
9825,<=50K
3173,<=50K
18077,<=50K
19820,<=50K
4745,<=50K
15184,<=50K
32249,<=50K
22947,>50K
2978,>50K
6169,>50K
8755,<=50K
3412,<=50K
18346,<=50K
19692,>50K
31574,<=50K
29146,<=50K
14053,<=50K
802,>50K
31273,<=50K
14195,<=50K
20891,<=50K
28473,<=50K
29587,<=50K
20153,<=50K
19004,<=50K
16922,<=50K
26625,>50K
28375,<=50K
5021,<=50K
28476,<=50K
10851,<=50K
19669,<=50K
27348,<=50K
24472,<=50K
18479,<=50K
4531,<=50K
14589,<=50K
30300,>50K
29754,>50K
28267,<=50K
3311,>50K
22060,<=50K
17470,<=50K
29364,>50K
21497,<=50K
13532,<=50K
18628,<=50K
15221,<=50K
3615,<=50K
20698,<=50K
29609,<=50K
17538,>50K
4804,<=50K
8025,<=50K
9067,<=50K
5327,<=50K
31801,<=50K
14843,<=50K
13691,<=50K
18826,<=50K
29664,<=50K
13896,<=50K
13771,<=50K
10399,<=50K
8441,<=50K
25005,>50K
23012,<=50K
18891,<=50K
5567,<=50K
15891,<=50K
6134,<=50K
2854,>50K
23928,<=50K
5419,<=50K
13739,<=50K
10445,<=50K
14932,<=50K
7887,<=50K
16766,<=50K
31420,<=50K
19791,<=50K
9703,<=50K
15399,<=50K
28872,>50K
28751,<=50K
14160,<=50K
15458,<=50K
30896,>50K
17887,<=50K
32011,>50K
3041,>50K
3904,<=50K
17602,<=50K
14082,<=50K
28782,<=50K
4223,<=50K
24492,<=50K
11353,<=50K
18882,<=50K
28665,<=50K
6763,>50K
13139,<=50K
12294,<=50K
3670,<=50K
24425,<=50K
338,<=50K
15082,<=50K
21105,<=50K
30805,<=50K
5324,<=50K
23432,<=50K
3600,<=50K
23307,>50K
22856,<=50K
20608,<=50K
24574,<=50K
19659,>50K
11438,<=50K
9348,<=50K
21902,<=50K
21050,<=50K
30941,<=50K
21341,<=50K
23690,<=50K
19226,>50K
11779,<=50K
28956,<=50K
20332,<=50K
20297,<=50K
31810,<=50K
31787,<=50K
27923,<=50K
3388,<=50K
21922,<=50K
14801,<=50K
985,>50K
5665,<=50K
836,>50K
32416,<=50K
18879,<=50K
13331,<=50K
20430,<=50K
19990,<=50K
28548,<=50K
5921,>50K
527,>50K
29503,<=50K
21296,<=50K
23502,<=50K
32317,<=50K
5573,<=50K
22272,<=50K
29132,<=50K
31773,<=50K
16153,<=50K
5230,<=50K
5140,<=50K
10585,>50K
16113,<=50K
28119,<=50K
4474,<=50K
5598,<=50K
17996,>50K
23415,<=50K
12859,<=50K
1892,>50K
10241,<=50K
18681,<=50K
7962,<=50K
430,>50K
8627,<=50K
15607,<=50K
18894,<=50K
3084,>50K
15039,>50K
30166,<=50K
17388,<=50K
19747,>50K
27132,>50K
21721,<=50K
28758,>50K
23370,<=50K
9833,<=50K
13101,<=50K
20683,<=50K
15112,<=50K
8061,<=50K
23541,<=50K
4462,<=50K
12300,<=50K
10225,<=50K
30924,<=50K
16278,<=50K
20875,<=50K
24602,<=50K
30920,<=50K
10162,<=50K
16722,<=50K
3901,<=50K
30498,<=50K
11356,<=50K
14381,<=50K
24184,<=50K
26723,<=50K
2417,>50K
31840,<=50K
25159,<=50K
25665,<=50K
7834,<=50K
782,>50K
31092,<=50K
4840,>50K
736,>50K
16534,>50K
24879,<=50K
4769,<=50K
4689,<=50K
20785,<=50K
12161,<=50K
18791,<=50K
25971,<=50K
4973,<=50K
24005,<=50K
716,>50K
17891,<=50K
32101,<=50K
11751,>50K
4627,<=50K
21876,<=50K
24354,<=50K
12715,<=50K
13911,<=50K
10013,<=50K
27863,<=50K
30209,<=50K
32250,>50K
8350,>50K
27446,<=50K
4637,<=50K
3992,<=50K
21730,>50K
28272,<=50K
18923,>50K
10937,<=50K
2566,>50K
12013,<=50K
21041,<=50K
30243,<=50K
29081,<=50K
2414,>50K
24435,<=50K
30864,<=50K
8322,>50K
26500,>50K
2352,>50K
27190,<=50K
23001,>50K
645,>50K
5209,<=50K
30459,<=50K
22918,<=50K
11308,<=50K
5084,<=50K
11176,<=50K
29611,<=50K
18109,<=50K
2641,>50K
19027,<=50K
29467,<=50K
18248,<=50K
18776,>50K
11543,<=50K
6300,<=50K
8567,<=50K
5190,<=50K
9828,<=50K
24018,<=50K
11461,>50K
273,<=50K
18463,<=50K
20691,>50K
17837,<=50K
15034,<=50K
3489,<=50K
24663,<=50K
30305,<=50K
24508,>50K
117,>50K
27839,>50K
14194,<=50K
2848,>50K
23078,<=50K
27746,<=50K
25157,<=50K
226,<=50K
21927,>50K
10416,<=50K
32123,<=50K
23047,<=50K
2424,>50K
19053,<=50K
25360,<=50K
8643,<=50K
9683,<=50K
14814,<=50K
21225,<=50K
18333,<=50K
25298,<=50K
31975,<=50K
21208,<=50K
7587,>50K
960,>50K
26927,<=50K
4631,<=50K
27997,<=50K
29264,<=50K
19884,<=50K
21505,<=50K
29815,<=50K
26199,<=50K
7569,>50K
26805,<=50K
18971,<=50K
3886,<=50K
8676,<=50K
1630,>50K
6129,<=50K
534,>50K
24291,<=50K
3548,<=50K
8801,<=50K
2958,<=50K
20736,<=50K
15878,<=50K
4604,<=50K
32374,<=50K
27250,<=50K
13974,<=50K
19795,<=50K
14129,<=50K
2272,>50K
5141,<=50K
9487,<=50K
27690,<=50K
28387,<=50K
3818,<=50K
2279,>50K
20886,<=50K
18137,<=50K
31292,<=50K
9040,<=50K
21787,<=50K
29893,<=50K
30887,<=50K
25492,<=50K
29190,>50K
26841,>50K
13599,>50K
11919,<=50K
22930,<=50K
26216,>50K
15420,<=50K
4412,<=50K
4422,<=50K
6879,<=50K
30023,<=50K
20496,<=50K
27857,<=50K
14863,<=50K
18538,<=50K
19574,<=50K
20191,<=50K
16672,<=50K
2730,>50K
26614,<=50K
29719,<=50K
32063,<=50K
19157,<=50K
31914,<=50K
10739,<=50K
2017,>50K
17127,>50K
13221,<=50K
17165,<=50K
19098,<=50K
22358,<=50K
13105,<=50K
27809,<=50K
10411,>50K
2398,>50K
1004,<=50K
24617,<=50K
22768,>50K
24062,<=50K
6547,<=50K
22684,<=50K
6548,<=50K
11717,<=50K
21064,<=50K
13430,<=50K
19072,<=50K
1509,<=50K
28784,<=50K
3458,<=50K
30338,<=50K
7926,<=50K
10216,>50K
24237,<=50K
8270,<=50K
4323,<=50K
10227,>50K
23884,<=50K
11549,<=50K
10655,<=50K
3193,<=50K
22391,<=50K
19922,<=50K
10160,<=50K
20061,<=50K
7696,>50K
15740,<=50K
17522,<=50K
16965,<=50K
11522,<=50K
30265,<=50K
8214,>50K
12167,<=50K
5314,<=50K
21406,<=50K
31213,<=50K
19542,>50K
23107,<=50K
29833,<=50K
23724,<=50K
24684,<=50K
4959,>50K
30256,>50K
4837,>50K
299,<=50K
807,>50K
31746,<=50K
6143,<=50K
14151,<=50K
18669,<=50K
21085,<=50K
31813,<=50K
23939,>50K
12819,<=50K
28370,<=50K
24186,<=50K
17347,<=50K
21908,<=50K
29906,<=50K
25988,<=50K
728,>50K
11078,<=50K
31612,<=50K
26410,<=50K
14680,>50K
5113,>50K
8810,<=50K
13088,>50K
7792,<=50K
18854,<=50K
1660,>50K
25056,>50K
30364,>50K
2029,>50K
25368,<=50K
30502,<=50K
11420,<=50K
9043,<=50K
1498,<=50K
4359,<=50K
15851,<=50K
17990,<=50K
8613,<=50K
29061,<=50K
15232,<=50K
2724,>50K
32087,<=50K
14003,<=50K
747,>50K
132,>50K
418,>50K
22988,>50K
28152,<=50K
26651,>50K
26068,>50K
24308,<=50K
16353,>50K
16910,<=50K
17171,<=50K
29774,<=50K
17715,<=50K
8566,<=50K
27940,>50K
29711,<=50K
11005,<=50K
19154,<=50K
25744,<=50K
2708,>50K
10490,>50K
3472,<=50K
28562,>50K
10815,<=50K
22777,<=50K
18654,<=50K
20686,<=50K
10127,<=50K
9926,<=50K
3512,<=50K
23731,<=50K
13950,<=50K
3398,<=50K
11426,<=50K
14431,<=50K
15681,<=50K
12187,<=50K
12095,<=50K
24678,>50K
25730,<=50K
30252,<=50K
14678,<=50K
27289,<=50K
13016,<=50K
16244,<=50K
5717,<=50K
2408,>50K
3123,<=50K
26099,<=50K
271,<=50K
26037,<=50K
7451,<=50K
13435,<=50K
8038,<=50K
16292,<=50K
12886,<=50K
29444,>50K
11488,<=50K
22568,<=50K
7161,>50K
14778,<=50K
11320,<=50K
11454,<=50K
26372,>50K
8032,<=50K
14337,<=50K
4367,<=50K
4989,<=50K
7273,<=50K
16576,<=50K
26047,>50K
17325,<=50K
26218,<=50K
27235,<=50K
23279,<=50K
12063,<=50K
4144,<=50K
31483,<=50K
18817,>50K
24340,<=50K
12530,>50K
22470,>50K
10368,>50K
25536,<=50K
6040,>50K
10329,<=50K
22810,<=50K
22759,<=50K
18041,<=50K
22496,<=50K
12265,<=50K
8642,<=50K
6595,<=50K
18758,<=50K
12871,<=50K
16090,<=50K
19190,<=50K
13921,<=50K
8068,<=50K
2969,>50K
4578,>50K
12255,<=50K
834,>50K
224,<=50K
7833,<=50K
24581,<=50K
31647,<=50K
11206,<=50K
8631,<=50K
25059,<=50K
25649,<=50K
15845,<=50K
14620,<=50K
5637,<=50K
29653,>50K
4445,<=50K
3194,>50K
27101,<=50K
28147,<=50K
25803,<=50K
974,>50K
9885,<=50K
16762,<=50K
22999,<=50K
690,>50K
12818,<=50K
14211,<=50K
22418,<=50K
8653,<=50K
26311,<=50K
30832,<=50K
26777,>50K
12178,<=50K
6780,<=50K
21376,<=50K
6765,<=50K
8526,<=50K
26580,<=50K
13432,<=50K
8870,<=50K
4313,<=50K
31494,<=50K
19500,<=50K
21438,<=50K
6664,<=50K
8902,<=50K
10389,>50K
22359,<=50K
14240,<=50K
27108,<=50K
11618,<=50K
24710,<=50K
3917,<=50K
31454,<=50K
31847,<=50K
16002,<=50K
4773,<=50K
7944,<=50K
4832,<=50K
13755,>50K
31040,<=50K
31054,<=50K
15739,<=50K
14338,<=50K
25090,<=50K
9766,<=50K
13507,>50K
22762,<=50K
28555,<=50K
31529,<=50K
14135,<=50K
26376,<=50K
26721,>50K
19192,<=50K
29579,<=50K
18433,<=50K
32099,<=50K
21431,<=50K
26492,<=50K
5174,<=50K
11515,<=50K
3435,<=50K
17145,<=50K
16399,<=50K
26872,<=50K
11254,>50K
20670,<=50K
26069,<=50K
2818,>50K
28772,<=50K
26558,<=50K
4756,<=50K
3163,<=50K
1420,<=50K
27925,<=50K
20653,<=50K
2922,<=50K
15525,<=50K
22263,<=50K
21286,<=50K
15428,<=50K
25652,<=50K
28211,<=50K
31763,<=50K
2289,>50K
8353,>50K
17806,<=50K
1616,>50K
13697,<=50K
24766,>50K
16505,<=50K
1783,>50K
3985,<=50K
24728,<=50K
28218,<=50K
27134,<=50K
20946,<=50K
13115,<=50K
10607,<=50K
15994,<=50K
17257,<=50K
2221,>50K
19059,<=50K
14198,<=50K
13399,<=50K
32392,<=50K
17648,<=50K
12601,<=50K
5503,<=50K
31128,<=50K
8493,<=50K
12417,>50K
14562,<=50K
13694,<=50K
18888,<=50K
16489,<=50K
20483,<=50K
25114,<=50K
28710,<=50K
14344,<=50K
7095,<=50K
14298,<=50K
4414,<=50K
15411,<=50K
27944,<=50K
14032,<=50K
13588,<=50K
7631,<=50K
26154,<=50K
20981,<=50K
66,>50K
21152,>50K
28220,<=50K
12766,>50K
31605,<=50K
30319,<=50K
13872,<=50K
9502,<=50K
26419,<=50K
29617,<=50K
17036,>50K
15669,<=50K
16915,<=50K
6402,>50K
27693,<=50K
1972,>50K
17404,<=50K
18341,<=50K
7109,<=50K
29646,<=50K
16744,<=50K
24658,<=50K
17068,<=50K
15340,<=50K
10536,<=50K
6607,<=50K
11414,<=50K
9990,<=50K
20435,<=50K
1637,>50K
25760,<=50K
15633,<=50K
4844,<=50K
22802,<=50K
6278,<=50K
27640,<=50K
10617,<=50K
12415,>50K
16827,<=50K
10619,>50K
31201,<=50K
3551,>50K
24149,<=50K
4000,<=50K
18990,>50K
11918,<=50K
28746,<=50K
9279,<=50K
31903,<=50K
31176,<=50K
1162,<=50K
10602,<=50K
20389,<=50K
19640,<=50K
22955,<=50K
27600,<=50K
6347,<=50K
24076,<=50K
12812,<=50K
30426,>50K
6679,<=50K
28502,<=50K
10717,<=50K
12193,<=50K
6760,<=50K
26655,<=50K
13502,<=50K
25778,<=50K
19337,<=50K
25235,<=50K
22773,<=50K
11759,<=50K
27017,<=50K
25021,<=50K
11091,<=50K
29119,<=50K
20302,<=50K
11903,<=50K
21270,<=50K
4071,<=50K
23856,<=50K
25531,<=50K
3496,<=50K
21037,<=50K
3129,<=50K
11929,>50K
25009,<=50K
5984,<=50K
18823,<=50K
8151,<=50K
10395,<=50K
7969,<=50K
11462,<=50K
6214,<=50K
18848,<=50K
13793,<=50K
2877,>50K
1562,>50K
20066,<=50K
17051,<=50K
13672,<=50K
18833,<=50K
10693,<=50K
2387,>50K
2937,<=50K
12020,<=50K
27540,<=50K
16830,<=50K
31710,<=50K
1308,<=50K
12823,<=50K
18796,<=50K
22741,<=50K
4511,<=50K
24556,<=50K
4358,<=50K
21046,<=50K
9939,<=50K
24086,<=50K
22845,<=50K
15108,>50K
15731,<=50K
2409,>50K
6511,<=50K
20929,<=50K
21700,<=50K
422,>50K
9291,<=50K
12491,<=50K
18917,<=50K
5784,>50K
6849,<=50K
27018,<=50K
11607,<=50K
24166,<=50K
25981,>50K
3006,>50K
18723,<=50K
11197,<=50K
26887,<=50K
31589,<=50K
25252,<=50K
576,>50K
22558,>50K
13006,>50K
30273,<=50K
29077,<=50K
27460,<=50K
27245,<=50K
1631,>50K
2430,>50K
8970,<=50K
12799,<=50K
2790,>50K
2169,>50K
13004,<=50K
24817,<=50K
3778,<=50K
17180,<=50K
24770,>50K
30232,<=50K
25038,<=50K
28061,<=50K
9533,<=50K
12836,<=50K
2637,>50K
4994,<=50K
9819,<=50K
6657,<=50K
14698,<=50K
1188,<=50K
25161,<=50K
6257,<=50K
1443,<=50K
7367,<=50K
29814,<=50K
3235,>50K
19225,<=50K
19611,<=50K
17657,<=50K
3019,>50K
13490,>50K
25565,<=50K
7373,<=50K
14713,<=50K
25611,<=50K
3490,<=50K
25433,<=50K
22302,<=50K
8522,<=50K
17647,<=50K
22192,<=50K
2772,>50K
6621,<=50K
30868,<=50K
30518,>50K
28421,<=50K
25907,<=50K
13168,<=50K
31094,>50K
22986,<=50K
28842,<=50K
22892,<=50K
5841,<=50K
11579,<=50K
25022,>50K
4621,<=50K
30375,<=50K
16393,<=50K
20610,<=50K
16612,<=50K
19801,>50K
29852,<=50K
29636,<=50K
6485,>50K
2628,>50K
17412,<=50K
26822,<=50K
18040,<=50K
22291,<=50K
4155,<=50K
19975,>50K
3210,>50K
5085,<=50K
17464,<=50K
30139,<=50K
3976,<=50K
28592,>50K
15993,<=50K
17699,<=50K
29042,<=50K
174,<=50K
27507,<=50K
29296,<=50K
20997,<=50K
18480,<=50K
9089,<=50K
10342,<=50K
5124,>50K
19388,<=50K
11166,<=50K
24584,<=50K
26971,<=50K
24790,>50K
26234,<=50K
31170,<=50K
23765,<=50K
20020,<=50K
23007,>50K
4815,<=50K
28296,<=50K
11651,>50K
30258,<=50K
17456,<=50K
19463,<=50K
15456,<=50K
10442,<=50K
11614,<=50K
16485,<=50K
11992,<=50K
6671,<=50K
26282,<=50K
28840,<=50K
4726,<=50K
18358,<=50K
9584,<=50K
27649,<=50K
13222,>50K
17598,<=50K
17271,>50K
28557,<=50K
27662,>50K
15809,<=50K
28318,<=50K
18379,<=50K
17971,<=50K
19345,<=50K
15746,<=50K
13893,<=50K
25169,>50K
21729,<=50K
27727,>50K
31166,<=50K
5010,<=50K
26533,<=50K
14919,<=50K
28490,<=50K
16162,<=50K
28181,<=50K
912,>50K
7800,<=50K
3452,<=50K
26815,<=50K
9645,>50K
25966,<=50K
27441,<=50K
31886,<=50K
983,<=50K
4174,<=50K
21904,>50K
15240,<=50K
30949,<=50K
8917,<=50K
613,>50K
4113,<=50K
30263,<=50K
4437,<=50K
19741,<=50K
31696,>50K
6812,<=50K
22733,<=50K
9335,<=50K
22994,<=50K
25486,<=50K
17135,<=50K
26931,<=50K
5624,<=50K
3876,<=50K
9964,<=50K
9934,<=50K
15023,<=50K
24031,<=50K
27657,<=50K
22669,>50K
28695,<=50K
2504,>50K
27387,<=50K
11379,<=50K
634,>50K
11731,>50K
21140,<=50K
25590,>50K
6140,>50K
1117,<=50K
21324,<=50K
5641,>50K
29788,<=50K
32482,<=50K
11033,<=50K
27310,<=50K
25270,<=50K
9407,<=50K
17580,>50K
17090,<=50K
18342,>50K
5193,<=50K
4669,<=50K
27813,<=50K
25004,<=50K
19233,<=50K
29560,<=50K
31993,<=50K
18082,<=50K
19878,<=50K
4817,<=50K
24959,<=50K
16149,<=50K
25513,<=50K
30247,<=50K
30241,>50K
25769,<=50K
29305,>50K
2501,>50K
5546,<=50K
31184,<=50K
2174,>50K
14672,>50K
16879,>50K
5424,<=50K
30120,<=50K
27760,<=50K
5608,>50K
23340,>50K
13841,>50K
13798,<=50K
5715,<=50K
31493,<=50K
8413,<=50K
19186,<=50K
2397,>50K
31880,>50K
6247,<=50K
6118,<=50K
2314,>50K
16834,<=50K
29743,<=50K
15785,>50K
23840,<=50K
16218,<=50K
22520,<=50K
29759,<=50K
5321,<=50K
26129,>50K
2680,>50K
27741,<=50K
15540,>50K
7770,<=50K
30544,>50K
4538,<=50K
16015,>50K
1009,<=50K
10357,<=50K
25554,<=50K
927,<=50K
27231,<=50K
18327,<=50K
4092,<=50K
18240,<=50K
6406,<=50K
26819,<=50K
22840,>50K
7981,<=50K
3879,<=50K
26076,<=50K
23764,<=50K
15208,<=50K
19759,<=50K
22059,<=50K
7977,<=50K
11490,<=50K
17425,<=50K
11861,>50K
2202,>50K
27521,<=50K
12137,>50K
23101,<=50K
14190,<=50K
18386,<=50K
24485,<=50K
16148,<=50K
15871,>50K
20851,<=50K
9165,<=50K
17170,<=50K
25538,<=50K
25439,>50K
11728,<=50K
21755,>50K
1694,>50K
28983,<=50K
28463,<=50K
10285,<=50K
3286,>50K
27537,<=50K
6366,<=50K
28222,<=50K
30334,<=50K
18537,<=50K
4736,>50K
13833,<=50K
19217,<=50K
19607,>50K
18072,<=50K
29462,<=50K
6566,<=50K
19538,<=50K
11185,>50K
22958,<=50K
30497,<=50K
12009,<=50K
889,>50K
18773,<=50K
7465,<=50K
20794,<=50K
28407,<=50K
5718,<=50K
32366,<=50K
7136,<=50K
16862,<=50K
12725,<=50K
17360,<=50K
12383,<=50K
9249,>50K
16462,<=50K
31350,<=50K
28985,<=50K
18078,<=50K
19309,<=50K
21458,<=50K
13809,>50K
17548,>50K
6913,>50K
16477,<=50K
20631,<=50K
11044,<=50K
14508,<=50K
24505,<=50K
23625,<=50K
27129,<=50K
25507,<=50K
25788,<=50K
11279,<=50K
21143,<=50K
26051,<=50K
18212,<=50K
1270,<=50K
28429,<=50K
7270,<=50K
4780,<=50K
10424,<=50K
21030,<=50K
6483,<=50K
17811,>50K
3484,<=50K
29584,<=50K
30808,<=50K
20636,<=50K
26535,<=50K
30386,<=50K
5769,>50K
27847,<=50K
31652,<=50K
15654,<=50K
2112,>50K
26355,<=50K
4861,<=50K
10238,<=50K
12164,<=50K
18176,<=50K
10090,<=50K
13425,<=50K
17785,<=50K
19299,<=50K
30834,<=50K
30475,<=50K
3085,>50K
27203,>50K
24683,<=50K
14275,<=50K
4196,<=50K
7478,<=50K
3978,<=50K
31051,<=50K
5878,<=50K
21284,<=50K
16046,<=50K
32217,>50K
7144,<=50K
17033,<=50K
5680,<=50K
27995,>50K
11545,<=50K
9170,<=50K
27246,<=50K
23517,<=50K
30143,<=50K
5822,<=50K
9333,<=50K
23990,<=50K
25017,<=50K
15452,<=50K
29624,<=50K
28113,<=50K
10968,>50K
32499,<=50K
32453,<=50K
31316,<=50K
27099,<=50K
16614,>50K
22544,<=50K
6063,<=50K
17745,<=50K
27935,<=50K
30940,<=50K
14071,<=50K
10468,<=50K
4879,<=50K
4024,<=50K
30948,>50K
20890,<=50K
11874,<=50K
31240,<=50K
8710,<=50K
5768,<=50K
3030,>50K
3406,<=50K
21857,<=50K
4406,>50K
9563,>50K
13355,<=50K
24634,<=50K
21056,<=50K
7940,<=50K
17166,<=50K
13837,<=50K
21263,<=50K
31816,<=50K
9218,<=50K
17395,<=50K
19340,<=50K
4930,<=50K
14246,<=50K
23410,>50K
2487,>50K
10359,<=50K
27770,<=50K
5725,<=50K
9559,<=50K
25841,>50K
984,>50K
11189,<=50K
4798,<=50K
4518,>50K
14067,<=50K
20401,<=50K
12534,<=50K
21981,<=50K
2747,>50K
12548,<=50K
24025,<=50K
10572,<=50K
10662,<=50K
21940,<=50K
4776,<=50K
29321,>50K
24287,<=50K
6592,<=50K
14721,<=50K
11778,<=50K
15500,<=50K
8161,<=50K
21858,<=50K
12765,<=50K
5378,<=50K
19737,<=50K
18505,<=50K
21846,<=50K
31893,>50K
25070,<=50K
15102,<=50K
7585,<=50K
32500,<=50K
21329,<=50K
27019,<=50K
3242,<=50K
30092,<=50K
14449,<=50K
28636,<=50K
3808,<=50K
24851,<=50K
19558,>50K
19407,<=50K
2360,>50K
2223,>50K
25097,<=50K
23668,<=50K
12587,<=50K
24636,<=50K
18849,<=50K
17812,<=50K
3116,>50K
23249,<=50K
16087,<=50K
27876,<=50K
10308,<=50K
31501,>50K
19534,<=50K
22707,<=50K
20009,<=50K
31076,<=50K
13772,<=50K
25109,<=50K
12865,<=50K
23890,<=50K
10794,<=50K
6542,<=50K
27905,<=50K
31445,<=50K
11787,<=50K
18937,<=50K
7596,<=50K
20867,<=50K
7269,<=50K
5924,<=50K
6712,<=50K
14386,<=50K
7818,<=50K
6056,<=50K
26210,<=50K
21522,<=50K
2828,>50K
21878,>50K
20771,<=50K
15442,<=50K
29921,<=50K
26490,<=50K
14571,<=50K
10640,<=50K
22473,<=50K
15464,<=50K
499,>50K
23934,<=50K
19989,<=50K
18134,<=50K
30914,>50K
13273,<=50K
19594,<=50K
3550,<=50K
813,>50K
1543,>50K
13214,<=50K
26435,<=50K
23542,<=50K
31655,<=50K
14359,<=50K
4263,<=50K
30804,<=50K
28044,<=50K
17024,<=50K
1900,>50K
21523,>50K
487,>50K
4469,<=50K
17327,<=50K
24256,<=50K
1891,>50K
24501,<=50K
27394,<=50K
17092,>50K
11547,>50K
5060,<=50K
26628,<=50K
23866,<=50K
24749,<=50K
24736,<=50K
20668,<=50K
22250,>50K
28637,<=50K
29023,<=50K
8551,<=50K
31610,<=50K
1152,<=50K
6545,>50K
19001,<=50K
28079,<=50K
5386,<=50K
6488,<=50K
26644,<=50K
13877,<=50K
27247,<=50K
22247,<=50K
17504,<=50K
20717,>50K
31577,>50K
8156,<=50K
27884,<=50K
18274,<=50K
2176,>50K
26038,<=50K
21108,<=50K
4679,<=50K
25209,<=50K
4507,<=50K
16619,>50K
26731,<=50K
26261,>50K
25514,<=50K
3072,>50K
16669,<=50K
9144,<=50K
18828,<=50K
16056,<=50K
22792,<=50K
20486,<=50K
28455,<=50K
25060,<=50K
10240,>50K
17232,<=50K
27072,<=50K
26474,<=50K
7702,<=50K
28080,<=50K
13166,<=50K
28254,<=50K
8407,<=50K
30703,>50K
232,<=50K
24395,>50K
8965,<=50K
31703,>50K
28,>50K
30404,<=50K
2225,>50K
4948,<=50K
16678,<=50K
21153,<=50K
955,>50K
16332,<=50K
27484,<=50K
14741,<=50K
10775,<=50K
14414,>50K
24081,<=50K
21069,<=50K
5833,<=50K
2050,>50K
11611,<=50K
6524,<=50K
951,>50K
27435,<=50K
8440,>50K
22426,>50K
24091,>50K
23874,<=50K
11134,<=50K
22842,<=50K
3170,<=50K
811,>50K
15310,<=50K
10715,<=50K
4409,<=50K
1959,>50K
2491,>50K
12927,<=50K
26537,<=50K
23108,<=50K
2062,>50K
22305,<=50K
15272,<=50K
1396,>50K
25642,<=50K
28276,<=50K
5707,<=50K
30056,<=50K
22268,<=50K
7430,>50K
22912,<=50K
22183,<=50K
28699,<=50K
9977,<=50K
22326,<=50K
5700,<=50K
25912,>50K
9620,<=50K
9139,<=50K
225,<=50K
10360,<=50K
8329,<=50K
11793,<=50K
27804,<=50K
12281,<=50K
11831,>50K
12959,<=50K
24179,<=50K
20303,<=50K
40,>50K
32297,<=50K
26760,<=50K
25089,<=50K
28470,<=50K
24447,<=50K
22937,<=50K
20603,<=50K
14594,>50K
244,<=50K
16885,<=50K
767,>50K
29575,<=50K
6563,<=50K
1657,>50K
11080,>50K
21660,>50K
17069,<=50K
3758,>50K
11408,>50K
15136,>50K
18944,<=50K
18996,<=50K
9403,<=50K
3048,>50K
1121,<=50K
18719,<=50K
11095,<=50K
13570,>50K
19842,<=50K
3801,<=50K
5401,<=50K
3647,<=50K
1572,>50K
11584,<=50K
32138,<=50K
919,<=50K
21026,>50K
17988,<=50K
4785,<=50K
3138,<=50K
10890,<=50K
7064,<=50K
17685,<=50K
32246,<=50K
25462,<=50K
4078,<=50K
28998,>50K
13472,>50K
30405,>50K
14035,<=50K
17449,<=50K
16184,<=50K
3767,<=50K
1742,>50K
26405,<=50K
27735,<=50K
29156,<=50K
22067,<=50K
4213,<=50K
14282,<=50K
13660,<=50K
10681,<=50K
18643,<=50K
16888,<=50K
21027,<=50K
9670,<=50K
14128,<=50K
16544,<=50K
6236,<=50K
11946,<=50K
19304,<=50K
29787,>50K
7166,<=50K
31284,<=50K
23787,<=50K
14604,<=50K
16662,<=50K
21600,<=50K
7295,>50K
7698,<=50K
8149,<=50K
5483,<=50K
21066,<=50K
23458,<=50K
4186,<=50K
13201,<=50K
3596,<=50K
7873,>50K
31133,<=50K
18108,<=50K
16928,<=50K
9374,<=50K
9126,<=50K
23366,<=50K
7668,<=50K
16098,<=50K
29768,<=50K
19162,<=50K
6401,>50K
5019,<=50K
10316,<=50K
2551,>50K
19252,>50K
19859,<=50K
23907,<=50K
23873,<=50K
16424,<=50K
4336,>50K
15300,<=50K
27748,<=50K
7429,<=50K
15041,<=50K
19572,<=50K
20122,>50K
1946,>50K
16418,<=50K
28225,<=50K
15469,<=50K
22459,<=50K
1510,<=50K
21860,>50K
28142,<=50K
26029,<=50K
6306,<=50K
31143,<=50K
2353,>50K
24280,>50K
10880,<=50K
19123,<=50K
19038,<=50K
30928,<=50K
32520,<=50K
5733,<=50K
17446,<=50K
12379,<=50K
14050,<=50K
4593,<=50K
29498,<=50K
4792,<=50K
8485,<=50K
17636,<=50K
8066,<=50K
14410,<=50K
16577,<=50K
26188,<=50K
19359,<=50K
30592,<=50K
25813,<=50K
11833,<=50K
17952,<=50K
10344,<=50K
30574,<=50K
15246,<=50K
18182,<=50K
9627,<=50K
22943,<=50K
18627,<=50K
29221,<=50K
131,>50K
19645,<=50K
12012,<=50K
5003,<=50K
19696,>50K
7994,<=50K
19326,<=50K
5229,<=50K
893,>50K
25568,<=50K
1109,<=50K
4440,<=50K
6729,>50K
21124,<=50K
19851,<=50K
24235,<=50K
17219,<=50K
18617,<=50K
21893,<=50K
25207,<=50K
19604,<=50K
20573,<=50K
29981,<=50K
14602,>50K
5914,<=50K
11809,<=50K
21074,<=50K
14616,<=50K
20333,<=50K
16239,<=50K
18998,<=50K
27109,<=50K
25583,<=50K
13228,<=50K
9375,<=50K
24562,<=50K
5426,>50K
30463,<=50K
28445,<=50K
2745,>50K
26057,<=50K
10534,>50K
10947,<=50K
718,>50K
17835,>50K
14628,<=50K
4240,<=50K
81,>50K
29258,<=50K
12422,<=50K
29204,<=50K
9192,<=50K
30547,<=50K
31245,<=50K
28309,<=50K
26828,>50K
17683,<=50K
17993,<=50K
19866,<=50K
24437,<=50K
9619,<=50K
28529,<=50K
19858,<=50K
10975,>50K
12639,<=50K
12709,<=50K
32548,>50K
10680,>50K
31620,<=50K
31868,<=50K
21825,<=50K
13864,<=50K
17355,<=50K
15549,<=50K
24374,<=50K
21896,<=50K
10369,<=50K
19362,<=50K
18889,>50K
32356,<=50K
14601,<=50K
8873,<=50K
30991,<=50K
6646,<=50K
22959,<=50K
24371,<=50K
9650,<=50K
3183,<=50K
9017,<=50K
26377,<=50K
31046,<=50K
5581,<=50K
20877,<=50K
7035,>50K
3140,<=50K
18520,<=50K
25359,<=50K
21555,<=50K
28549,<=50K
9157,<=50K
18596,<=50K
21651,<=50K
6639,<=50K
10745,<=50K
1808,>50K
4772,<=50K
7712,<=50K
7281,<=50K
17960,<=50K
17582,>50K
26280,<=50K
28927,<=50K
32118,<=50K
16104,<=50K
9647,<=50K
28585,<=50K
22484,<=50K
19981,>50K
15400,<=50K
7149,<=50K
17859,<=50K
15127,<=50K
30894,<=50K
22334,<=50K
1768,>50K
26442,>50K
10924,<=50K
1405,<=50K
1363,>50K
21556,<=50K
26781,<=50K
24962,<=50K
13132,<=50K
7693,<=50K
30726,<=50K
5824,<=50K
12554,<=50K
31796,<=50K
32044,<=50K
12629,<=50K
24646,<=50K
10930,>50K
8693,<=50K
5719,>50K
17684,<=50K
5284,<=50K
5202,<=50K
4015,<=50K
29626,<=50K
5159,<=50K
29592,<=50K
8612,<=50K
3700,<=50K
5786,<=50K
15121,<=50K
32301,<=50K
6266,<=50K
25926,<=50K
4890,>50K
13123,<=50K
18960,>50K
26649,<=50K
17222,<=50K
8390,<=50K
27409,<=50K
29781,<=50K
24712,<=50K
3956,<=50K
23558,<=50K
28322,<=50K
11944,<=50K
20340,<=50K
18897,<=50K
1781,>50K
23647,>50K
23974,<=50K
20602,<=50K
16132,<=50K
30184,<=50K
7487,<=50K
2573,>50K
22275,<=50K
22600,<=50K
6576,<=50K
22939,<=50K
10486,<=50K
31565,<=50K
15600,<=50K
16411,<=50K
21728,<=50K
28851,<=50K
22529,>50K
7288,<=50K
3316,<=50K
24226,<=50K
15105,<=50K
14948,>50K
31846,<=50K
32369,<=50K
28256,<=50K
30028,<=50K
17189,<=50K
6096,>50K
2326,>50K
27175,<=50K
23864,<=50K
19885,<=50K
27349,<=50K
24957,<=50K
26771,<=50K
20190,<=50K
23792,<=50K
13951,<=50K
19167,>50K
29285,>50K
29590,<=50K
19819,<=50K
1919,>50K
1329,<=50K
26648,<=50K
7933,<=50K
16758,<=50K
6732,<=50K
161,<=50K
12226,>50K
16684,<=50K
23845,<=50K
5802,<=50K
3462,<=50K
4541,>50K
1502,>50K
29376,<=50K
22830,>50K
18830,<=50K
8378,<=50K
16224,<=50K
3341,<=50K
25984,>50K
18084,<=50K
28819,>50K
21242,<=50K
3654,<=50K
6150,<=50K
25238,<=50K
32165,<=50K
7581,>50K
10638,<=50K
12201,<=50K
4419,<=50K
19843,<=50K
20118,<=50K
27866,<=50K
26833,<=50K
16495,<=50K
12112,<=50K
11089,<=50K
31081,<=50K
32040,<=50K
14028,<=50K
26235,<=50K
6241,<=50K
3579,<=50K
20647,<=50K
22442,<=50K
2913,>50K
20570,<=50K
7187,<=50K
9984,<=50K
29697,<=50K
30240,<=50K
1089,<=50K
25666,>50K
7837,<=50K
24095,>50K
24838,<=50K
28291,<=50K
20715,>50K
4254,<=50K
15990,<=50K
16506,<=50K
26351,<=50K
26918,<=50K
30648,>50K
31248,<=50K
15117,<=50K
25200,<=50K
31857,<=50K
21822,<=50K
6153,<=50K
22805,>50K
19610,<=50K
2948,>50K
7126,<=50K
12258,<=50K
17780,<=50K
4417,<=50K
31904,<=50K
22970,<=50K
18554,>50K
19603,>50K
19545,<=50K
11608,<=50K
5102,<=50K
28604,<=50K
1733,>50K
4108,<=50K
1332,<=50K
260,<=50K
2888,>50K
21972,<=50K
12175,<=50K
3861,<=50K
18131,<=50K
27396,<=50K
15229,<=50K
14679,<=50K
25719,<=50K
12102,<=50K
3181,<=50K
3344,<=50K
11415,>50K
31151,<=50K
12005,<=50K
7515,<=50K
6694,<=50K
25413,<=50K
17554,<=50K
1002,<=50K
8919,<=50K
16355,<=50K
31584,<=50K
16343,<=50K
10447,<=50K
30672,<=50K
14936,<=50K
16675,<=50K
28277,<=50K
20128,<=50K
11473,>50K
12877,>50K
17935,>50K
13589,<=50K
27361,<=50K
22834,<=50K
25879,<=50K
17234,>50K
8383,<=50K
10599,<=50K
4321,>50K
9426,<=50K
7656,<=50K
26184,<=50K
12523,<=50K
4122,<=50K
6389,<=50K
20727,<=50K
20213,>50K
26729,<=50K
8531,<=50K
14346,<=50K
14143,<=50K
27335,<=50K
11648,<=50K
21798,<=50K
2370,>50K
12982,<=50K
6600,<=50K
25695,<=50K
719,>50K
28454,<=50K
25054,>50K
2945,<=50K
18814,<=50K
8471,<=50K
14893,<=50K
2114,>50K
20242,<=50K
12262,<=50K
23419,<=50K
13542,<=50K
31003,<=50K
6231,<=50K
31124,<=50K
31987,>50K
3552,<=50K
21521,>50K
28334,<=50K
14699,<=50K
6743,<=50K
21637,<=50K
13886,<=50K
23543,<=50K
9624,<=50K
30335,<=50K
10006,<=50K
21812,<=50K
19077,<=50K
9210,<=50K
21093,<=50K
15001,<=50K
12963,<=50K
3145,<=50K
32192,<=50K
17286,<=50K
3816,<=50K
2005,>50K
30576,>50K
23216,<=50K
6067,<=50K
6491,<=50K
12140,<=50K
29819,<=50K
4170,<=50K
12248,<=50K
9280,<=50K
22997,>50K
2203,>50K
27172,>50K
27060,>50K
13385,<=50K
27301,<=50K
17618,<=50K
16388,<=50K
28673,>50K
2614,>50K
11913,<=50K
3337,>50K
13332,<=50K
3705,<=50K
26130,<=50K
24360,<=50K
3429,<=50K
3187,<=50K
21738,<=50K
1885,>50K
32265,<=50K
17314,<=50K
30662,<=50K
19227,<=50K
16920,<=50K
2315,>50K
29416,<=50K
16189,<=50K
6128,<=50K
26177,>50K
14950,<=50K
14046,<=50K
15462,<=50K
23751,<=50K
2372,>50K
8280,<=50K
32486,<=50K
19172,<=50K
21503,<=50K
2783,>50K
24918,<=50K
10785,<=50K
24120,<=50K
15912,<=50K
9921,<=50K
4801,<=50K
22822,>50K
10396,<=50K
2386,>50K
15415,<=50K
18132,<=50K
1571,>50K
26111,>50K
31706,<=50K
8980,<=50K
3177,<=50K
15673,>50K
515,>50K
911,<=50K
12541,<=50K
27901,<=50K
7588,<=50K
7919,>50K
10003,<=50K
9694,<=50K
23537,<=50K
15205,<=50K
9808,<=50K
2300,>50K
30314,<=50K
11109,<=50K
29254,<=50K
30014,<=50K
8147,>50K
18652,<=50K
10343,<=50K
15991,>50K
25067,<=50K
8173,>50K
21467,<=50K
9589,<=50K
15930,<=50K
10945,<=50K
28934,<=50K
14653,<=50K
10464,<=50K
9008,<=50K
16125,>50K
29958,>50K
22652,<=50K
9225,>50K
21187,<=50K
29997,<=50K
4744,<=50K
19400,<=50K
5556,<=50K
12678,<=50K
3249,>50K
20611,<=50K
9338,<=50K
10016,<=50K
17233,<=50K
17397,<=50K
14641,<=50K
14184,<=50K
21870,<=50K
23280,<=50K
7554,<=50K
1729,>50K
29442,>50K
8301,<=50K
856,>50K
16035,<=50K
14254,<=50K
23802,<=50K
5872,<=50K
31985,<=50K
7365,>50K
20471,<=50K
18459,<=50K
5887,<=50K
26264,<=50K
6471,<=50K
25961,<=50K
18159,<=50K
22034,<=50K
17492,<=50K
9474,<=50K
20701,<=50K
23011,>50K
23499,<=50K
18475,<=50K
26132,<=50K
32498,<=50K
27048,<=50K
15106,<=50K
13853,<=50K
17299,<=50K
3857,<=50K
11419,>50K
6135,<=50K
21190,<=50K
25605,<=50K
3379,<=50K
5480,<=50K
24442,<=50K
13304,<=50K
17729,<=50K
13361,<=50K
3359,<=50K
16664,<=50K
15558,<=50K
31528,>50K
16291,<=50K
12132,<=50K
29683,<=50K
6720,<=50K
17128,<=50K
8316,<=50K
16304,>50K
20482,<=50K
20829,<=50K
11816,<=50K
32497,<=50K
4734,<=50K
4146,<=50K
31506,<=50K
21010,>50K
545,>50K
31371,<=50K
8737,<=50K
9048,<=50K
14744,<=50K
2443,>50K
24125,>50K
12907,<=50K
29000,<=50K
6295,<=50K
25494,<=50K
4187,<=50K
5882,<=50K
6476,<=50K
13822,<=50K
28031,<=50K
23579,<=50K
24955,<=50K
10500,>50K
10068,<=50K
15722,<=50K
30091,<=50K
19068,<=50K
21499,<=50K
31694,<=50K
6350,<=50K
28522,<=50K
7638,>50K
3831,<=50K
30072,<=50K
30721,<=50K
31101,<=50K
29177,<=50K
19175,<=50K
8185,<=50K
8829,<=50K
26647,<=50K
16863,<=50K
17440,<=50K
256,<=50K
18493,<=50K
32324,<=50K
3203,<=50K
32402,<=50K
4619,<=50K
31684,<=50K
14824,>50K
27610,<=50K
9815,<=50K
3777,<=50K
25601,<=50K
24857,>50K
2914,>50K
32348,<=50K
15054,<=50K
23758,<=50K
5898,<=50K
31925,<=50K
9272,<=50K
18305,<=50K
25815,<=50K
24303,<=50K
30905,<=50K
31771,<=50K
8999,<=50K
15919,<=50K
25362,<=50K
30906,<=50K
18466,<=50K
29830,<=50K
10977,<=50K
32006,<=50K
8580,<=50K
32443,>50K
1357,<=50K
26292,<=50K
18225,<=50K
27966,<=50K
13225,>50K
3157,<=50K
23826,<=50K
13455,<=50K
23491,>50K
10641,<=50K
27571,<=50K
204,>50K
31192,<=50K
19153,<=50K
3022,>50K
7628,<=50K
22223,<=50K
27284,>50K
19142,<=50K
6177,<=50K
32048,<=50K
31691,<=50K
16517,<=50K
22734,<=50K
19368,<=50K
24854,>50K
30206,<=50K
7244,>50K
2082,>50K
27585,<=50K
20718,<=50K
10529,<=50K
4230,<=50K
11106,<=50K
24078,<=50K
28003,<=50K
19767,>50K
21762,<=50K
14091,<=50K
8193,<=50K
22504,<=50K
18942,<=50K
6344,<=50K
18193,<=50K
17933,<=50K
2222,>50K
16923,<=50K
25317,<=50K
5007,>50K
28921,<=50K
15018,<=50K
11486,<=50K
17458,>50K
12524,<=50K
27576,<=50K
14249,<=50K
12185,<=50K
4490,<=50K
930,<=50K
26127,<=50K
17755,<=50K
27539,<=50K
22727,<=50K
2137,>50K
14380,<=50K
21769,<=50K
21682,<=50K
7488,<=50K
12861,<=50K
6418,<=50K
29980,<=50K
16020,<=50K
11302,<=50K
1581,>50K
18446,>50K
7399,<=50K
24089,<=50K
2847,>50K
15408,<=50K
6002,<=50K
12116,>50K
23326,<=50K
3068,>50K
13635,<=50K
1237,<=50K
16870,<=50K
5143,<=50K
8504,>50K
5009,>50K
5026,>50K
3517,<=50K
16395,>50K
9710,<=50K
11397,<=50K
9572,>50K
9377,<=50K
17161,<=50K
26332,<=50K
3533,<=50K
18071,<=50K
1864,>50K
12232,<=50K
7400,<=50K
2400,>50K
31277,<=50K
9661,<=50K
4954,<=50K
5504,>50K
31643,<=50K
28837,<=50K
21928,<=50K
32510,<=50K
11129,<=50K
32215,<=50K
28879,<=50K
9986,<=50K
5704,>50K
3267,<=50K
3881,<=50K
28929,<=50K
1538,>50K
7023,<=50K
3078,>50K
13906,<=50K
1336,<=50K
25557,<=50K
28313,<=50K
23260,<=50K
29067,<=50K
9618,<=50K
12738,<=50K
28466,<=50K
18276,>50K
29905,<=50K
14148,<=50K
17838,<=50K
27020,<=50K
22661,<=50K
670,>50K
9309,<=50K
28009,<=50K
23174,>50K
15204,<=50K
25576,<=50K
9336,<=50K
17073,<=50K
23548,>50K
31539,<=50K
29433,<=50K
23185,<=50K
12188,<=50K
815,>50K
26592,<=50K
28960,<=50K
32136,<=50K
4977,<=50K
27107,<=50K
23389,<=50K
12720,<=50K
30219,<=50K
11111,<=50K
22553,<=50K
23397,<=50K
6697,<=50K
5825,<=50K
1656,>50K
31432,<=50K
603,>50K
7893,<=50K
27781,<=50K
22971,<=50K
9137,<=50K
15365,<=50K
14486,>50K
14984,<=50K
2188,>50K
11123,<=50K
24772,<=50K
28098,<=50K
935,>50K
9537,<=50K
9985,<=50K
23574,<=50K
16737,<=50K
3151,<=50K
15412,<=50K
2063,>50K
23176,<=50K
27978,<=50K
28865,<=50K
18023,<=50K
26738,<=50K
30487,<=50K
12972,<=50K
31282,<=50K
28843,<=50K
8022,<=50K
5849,<=50K
25648,<=50K
1888,>50K
7021,<=50K
20423,<=50K
2162,>50K
2319,>50K
3147,<=50K
22177,<=50K
23935,>50K
5721,>50K
1525,>50K
14879,>50K
12295,<=50K
31761,<=50K
20971,<=50K
21210,<=50K
15490,<=50K
18713,<=50K
8670,<=50K
15610,<=50K
16691,>50K
30484,<=50K
28612,<=50K
16513,<=50K
797,>50K
11310,<=50K
3874,<=50K
24199,<=50K
16074,<=50K
21373,<=50K
20871,<=50K
15868,<=50K
25772,<=50K
6291,>50K
6918,<=50K
5343,>50K
446,>50K
19321,<=50K
8097,<=50K
24555,<=50K
21532,<=50K
17328,<=50K
23159,<=50K
29018,<=50K
3028,>50K
272,<=50K
2061,>50K
10823,<=50K
32462,<=50K
32283,<=50K
16559,>50K
1409,<=50K
31278,>50K
9507,<=50K
14903,<=50K
12849,<=50K
27406,<=50K
17777,>50K
26630,<=50K
24330,<=50K
29520,<=50K
11230,<=50K
976,>50K
3760,<=50K
2809,>50K
9146,<=50K
106,>50K
29554,<=50K
29548,<=50K
16845,<=50K
6367,<=50K
20612,<=50K
7217,<=50K
5815,<=50K
27842,<=50K
13395,<=50K
12834,<=50K
10498,<=50K
1917,>50K
15323,<=50K
24578,<=50K
5541,<=50K
4251,>50K
21048,<=50K
25261,<=50K
30409,<=50K
13352,<=50K
18424,<=50K
18300,<=50K
6736,<=50K
30771,<=50K
3694,>50K
116,>50K
30627,<=50K
8239,<=50K
6854,<=50K
14351,<=50K
17078,>50K
27589,<=50K
11560,<=50K
9824,<=50K
9962,<=50K
13205,<=50K
31016,<=50K
13745,<=50K
5281,<=50K
19872,<=50K
14133,<=50K
255,<=50K
12234,<=50K
8744,<=50K
4828,>50K
3259,<=50K
4378,<=50K
17865,<=50K
10734,<=50K
31197,<=50K
29053,<=50K
22184,<=50K
26333,<=50K
814,>50K
1179,<=50K
3501,<=50K
1291,<=50K
31798,<=50K
22098,<=50K
3456,<=50K
20667,>50K
30912,<=50K
22747,<=50K
27451,<=50K
29360,<=50K
29211,<=50K
6317,>50K
31877,>50K
30676,<=50K
16710,<=50K
18348,<=50K
31812,<=50K
2288,>50K
24020,<=50K
3294,>50K
1958,>50K
4525,>50K
16238,<=50K
21125,<=50K
18587,>50K
2258,>50K
27300,<=50K
12145,<=50K
24197,<=50K
17418,>50K
12026,<=50K
7233,>50K
4720,<=50K
17260,<=50K
8201,<=50K
19267,>50K
8779,<=50K
25211,<=50K
15368,>50K
4556,<=50K
22258,>50K
21489,<=50K
4796,<=50K
16743,<=50K
26812,<=50K
29861,<=50K
31359,<=50K
20275,<=50K
17574,<=50K
14399,>50K
22647,<=50K
20805,<=50K
22720,<=50K
4105,<=50K
8982,<=50K
6535,<=50K
9071,<=50K
10888,>50K
3814,<=50K
26527,<=50K
11003,<=50K
31936,<=50K
16242,<=50K
10358,<=50K
1826,>50K
4435,>50K
27138,<=50K
6173,<=50K
23486,<=50K
25640,<=50K
22384,<=50K
23363,<=50K
28808,<=50K
159,>50K
5336,<=50K
12976,>50K
14867,<=50K
2982,<=50K
12627,<=50K
26160,<=50K
28342,<=50K
22115,<=50K
27850,>50K
18524,<=50K
30859,<=50K
5828,<=50K
22857,>50K
22677,<=50K
3385,<=50K
3856,<=50K
24413,<=50K
9203,<=50K
29832,<=50K
25365,<=50K
6988,<=50K
5429,<=50K
24594,<=50K
12471,>50K
29487,<=50K
15819,<=50K
23057,<=50K
28400,<=50K
6885,<=50K
24783,<=50K
29532,<=50K
23359,<=50K
23037,<=50K
24045,<=50K
16624,<=50K
21582,<=50K
13884,<=50K
11211,<=50K
6258,<=50K
5290,<=50K
586,>50K
22482,<=50K
5298,<=50K
9033,<=50K
23473,<=50K
20942,<=50K
2167,>50K
4270,<=50K
21884,<=50K
10020,<=50K
16652,<=50K
23696,<=50K
25627,<=50K
3862,<=50K
30613,<=50K
7728,<=50K
29090,<=50K
29656,<=50K
7952,<=50K
29831,<=50K
28439,<=50K
32244,<=50K
14915,>50K
15505,<=50K
27713,<=50K
1592,>50K
26740,>50K
21568,<=50K
27420,>50K
17624,<=50K
4908,>50K
6021,<=50K
27934,<=50K
20949,<=50K
22086,<=50K
3055,>50K
8777,<=50K
26323,<=50K
22629,<=50K
4508,<=50K
4376,>50K
25332,<=50K
27919,<=50K
11739,<=50K
29092,<=50K
7019,<=50K
24905,<=50K
6492,<=50K
19838,<=50K
20760,<=50K
28969,<=50K
1756,>50K
17177,<=50K
14080,<=50K
12706,>50K
21147,<=50K
17688,<=50K
18483,<=50K
27065,<=50K
20838,<=50K
9127,<=50K
8013,>50K
29583,<=50K
27936,>50K
270,<=50K
28947,<=50K
22255,<=50K
26586,>50K
8638,<=50K
18834,<=50K
180,<=50K
13244,<=50K
9299,>50K
6890,>50K
16066,<=50K
18283,<=50K
13698,<=50K
27747,<=50K
28012,>50K
17667,<=50K
17402,<=50K
10364,>50K
21970,<=50K
28446,<=50K
18157,<=50K
29603,<=50K
11911,>50K
31765,<=50K
5942,<=50K
5934,<=50K
3381,<=50K
9422,>50K
20535,<=50K
4297,<=50K
6539,<=50K
25898,<=50K
20285,<=50K
7485,>50K
19209,<=50K
18138,<=50K
27258,<=50K
15757,<=50K
27980,<=50K
3909,<=50K
18759,<=50K
28854,>50K
13052,>50K
20719,<=50K
12769,>50K
6567,<=50K
12638,<=50K
13264,<=50K
15081,<=50K
11590,<=50K
30854,<=50K
11979,<=50K
14374,<=50K
17936,<=50K
350,>50K
32149,>50K
13773,<=50K
28626,<=50K
18075,<=50K
19369,<=50K
2523,>50K
11128,<=50K
14515,>50K
12135,<=50K
20629,<=50K
31153,<=50K
12069,<=50K
18509,<=50K
29368,>50K
16335,<=50K
21358,<=50K
6642,<=50K
12263,<=50K
18420,<=50K
16083,<=50K
13604,<=50K
5663,<=50K
29572,<=50K
26141,<=50K
10853,<=50K
4767,>50K
13089,<=50K
28344,<=50K
31851,<=50K
9662,<=50K
31941,<=50K
21605,>50K
7570,<=50K
1963,>50K
21369,<=50K
24832,<=50K
5640,<=50K
29573,<=50K
21356,<=50K
4655,<=50K
10234,<=50K
25130,>50K
13204,<=50K
19637,<=50K
20909,<=50K
26749,<=50K
23729,<=50K
19941,<=50K
2449,>50K
4871,<=50K
8804,<=50K
27481,<=50K
3075,>50K
13858,<=50K
32432,<=50K
7613,<=50K
579,>50K
16739,<=50K
10852,<=50K
21952,<=50K
29341,<=50K
24708,<=50K
24554,>50K
10361,<=50K
24925,<=50K
26509,<=50K
14586,>50K
26898,<=50K
683,>50K
3092,>50K
8451,<=50K
4867,<=50K
30550,<=50K
20493,>50K
8818,<=50K
31961,<=50K
27954,<=50K
5731,>50K
32514,<=50K
16943,<=50K
5182,<=50K
26128,>50K
31678,>50K
32018,<=50K
29250,<=50K
28910,<=50K
10323,<=50K
13268,<=50K
18065,<=50K
27609,<=50K
18620,<=50K
22826,>50K
25358,<=50K
25066,<=50K
21903,>50K
7107,>50K
8331,<=50K
22068,<=50K
22274,>50K
26467,<=50K
1212,<=50K
30507,>50K
28996,<=50K
24401,<=50K
4969,>50K
1858,>50K
21184,>50K
21622,>50K
6331,<=50K
26629,<=50K
8116,<=50K
22583,<=50K
26139,<=50K
8747,<=50K
32351,<=50K
28717,<=50K
28004,<=50K
20004,<=50K
26743,<=50K
8742,<=50K
15999,<=50K
8160,<=50K
5955,<=50K
3532,<=50K
16195,<=50K
12334,<=50K
1226,<=50K
17925,<=50K
30822,>50K
15257,<=50K
25039,<=50K
28404,<=50K
13147,<=50K
12985,<=50K
31398,<=50K
16017,<=50K
12430,<=50K
27376,>50K
29103,>50K
27306,>50K
3890,<=50K
14644,<=50K
3442,<=50K
22630,<=50K
23437,<=50K
10722,<=50K
29595,<=50K
16248,<=50K
23913,<=50K
14441,>50K
21197,<=50K
8563,<=50K
24973,<=50K
8645,<=50K
32204,<=50K
4219,<=50K
12685,>50K
11729,<=50K
17329,<=50K
19910,<=50K
9379,>50K
7432,<=50K
1680,<=50K
18468,<=50K
13011,<=50K
26854,<=50K
5635,<=50K
10994,>50K
786,>50K
100,>50K
25280,<=50K
1964,>50K
30577,>50K
28268,<=50K
11524,<=50K
1484,<=50K
7951,<=50K
20200,>50K
26254,<=50K
12809,<=50K
16280,<=50K
25831,<=50K
11507,<=50K
22455,<=50K
11949,>50K
15662,<=50K
28115,<=50K
22667,>50K
9343,<=50K
26789,<=50K
2511,>50K
28381,<=50K
5600,<=50K
11882,>50K
1766,>50K
20438,<=50K
27127,<=50K
16535,<=50K
25654,<=50K
13321,<=50K
21791,<=50K
22957,<=50K
6806,<=50K
14478,<=50K
17547,<=50K
13840,<=50K
15535,<=50K
16222,<=50K
1897,>50K
23081,<=50K
27594,<=50K
30119,>50K
21631,<=50K
32558,<=50K
25241,<=50K
20640,<=50K
16521,<=50K
15050,<=50K
1922,>50K
22289,<=50K
6432,<=50K
1492,<=50K
3716,<=50K
6917,<=50K
16354,<=50K
28111,>50K
24522,>50K
20531,<=50K
25453,<=50K
8771,>50K
23282,<=50K
8403,<=50K
30709,<=50K
8128,<=50K
12202,<=50K
30700,>50K
3380,<=50K
12967,<=50K
14241,>50K
17220,<=50K
30068,>50K
17816,<=50K
17940,<=50K
413,>50K
348,>50K
32286,>50K
27267,<=50K
9091,<=50K
26513,<=50K
20991,<=50K
18284,<=50K
3383,<=50K
15719,<=50K
19118,<=50K
20164,<=50K
31322,<=50K
18839,<=50K
19195,<=50K
16231,>50K
18957,<=50K
13682,<=50K
1675,>50K
30996,<=50K
23248,<=50K
9161,>50K
1596,>50K
32025,<=50K
8303,<=50K
28611,<=50K
15374,<=50K
27862,<=50K
2714,>50K
21378,<=50K
16998,<=50K
10649,<=50K
10252,<=50K
4709,<=50K
11821,<=50K
9735,<=50K
32259,<=50K
11070,>50K
5035,<=50K
13219,<=50K
6445,<=50K
12330,<=50K
24942,<=50K
2020,>50K
10978,<=50K
5566,<=50K
19856,<=50K
27948,<=50K
21096,>50K
524,>50K
4389,<=50K
3304,>50K
29827,<=50K
5515,>50K
6453,<=50K
1719,>50K
29521,<=50K
17011,<=50K
31071,<=50K
9181,>50K
23655,<=50K
22463,<=50K
12599,>50K
9394,<=50K
23523,<=50K
13271,<=50K
11448,<=50K
27597,<=50K
7299,<=50K
27930,<=50K
5339,>50K
23843,<=50K
31839,<=50K
27848,>50K
28239,<=50K
24170,>50K
7255,<=50K
28485,<=50K
23777,<=50K
14816,<=50K
6578,<=50K
31626,<=50K
5325,<=50K
3024,>50K
5965,<=50K
7983,<=50K
577,>50K
25661,<=50K
14220,<=50K
29129,<=50K
13423,<=50K
16592,<=50K
10335,<=50K
27223,<=50K
5216,<=50K
5980,<=50K
28496,<=50K
15189,<=50K
30137,<=50K
3453,<=50K
12970,<=50K
14506,<=50K
26884,<=50K
17289,<=50K
9244,<=50K
3052,>50K
11307,<=50K
11841,<=50K
5879,<=50K
7575,<=50K
16840,>50K
20279,<=50K
23183,<=50K
28989,<=50K
29160,<=50K
19047,<=50K
23665,<=50K
319,<=50K
20662,<=50K
2687,>50K
5838,<=50K
1486,<=50K
14230,<=50K
25972,<=50K
17118,<=50K
4924,<=50K
944,>50K
977,>50K
5353,<=50K
18827,<=50K
20019,<=50K
19817,<=50K
72,>50K
24883,<=50K
800,>50K
3741,<=50K
27053,>50K
23451,<=50K
15395,<=50K
14963,<=50K
7172,<=50K
7345,<=50K
21377,<=50K
8416,<=50K
21139,<=50K
17519,<=50K
12693,<=50K
12268,<=50K
9103,<=50K
4215,<=50K
28482,<=50K
30935,<=50K
11996,<=50K
22909,<=50K
22296,<=50K
21520,<=50K
8019,<=50K
18527,<=50K
5274,<=50K
22377,<=50K
31460,<=50K
2445,>50K
22506,<=50K
6604,<=50K
23408,>50K
13119,<=50K
8943,<=50K
5153,<=50K
23482,<=50K
11442,>50K
19143,<=50K
26568,<=50K
32073,<=50K
18083,<=50K
8860,<=50K
14012,<=50K
21939,<=50K
5364,<=50K
25865,<=50K
22825,>50K
23442,<=50K
27304,<=50K
16976,<=50K
9465,<=50K
27834,<=50K
22260,<=50K
7093,<=50K
32521,<=50K
6036,>50K
15672,<=50K
17168,<=50K
5107,<=50K
31733,<=50K
355,<=50K
24529,<=50K
16216,<=50K
21354,>50K
26985,<=50K
154,>50K
16699,>50K
8806,<=50K
11721,>50K
11910,<=50K
9993,<=50K
27516,<=50K
21136,<=50K
22596,<=50K
10836,<=50K
29036,<=50K
15199,<=50K
394,>50K
1849,>50K
18227,<=50K
818,>50K
599,>50K
6152,<=50K
16808,<=50K
13450,<=50K
521,<=50K
24067,<=50K
24312,<=50K
12649,<=50K
31349,<=50K
6787,<=50K
29726,<=50K
11443,<=50K
8079,>50K
29675,<=50K
2187,>50K
31906,>50K
25446,<=50K
16765,<=50K
19596,<=50K
6628,<=50K
21158,<=50K
5619,<=50K
11941,<=50K
27790,<=50K
15181,>50K
21018,<=50K
30346,<=50K
3912,<=50K
31270,<=50K
5720,<=50K
11193,<=50K
602,>50K
1701,>50K
18367,<=50K
27238,<=50K
1302,<=50K
31347,<=50K
29405,<=50K
10825,<=50K
11015,<=50K
18027,<=50K
22117,<=50K
11605,<=50K
32169,>50K
22027,<=50K
19241,<=50K
12866,<=50K
30607,<=50K
9545,<=50K
31095,<=50K
682,>50K
5577,<=50K
25203,<=50K
22602,<=50K
32166,<=50K
9232,<=50K
26907,<=50K
10632,>50K
17856,<=50K
22032,<=50K
2115,>50K
1452,<=50K
23283,<=50K
25989,<=50K
12060,<=50K
10810,<=50K
10289,<=50K
25346,<=50K
13117,>50K
18044,<=50K
27288,<=50K
1290,<=50K
5989,<=50K
16604,<=50K
3577,<=50K
28228,<=50K
17236,<=50K
4961,<=50K
11847,<=50K
5238,>50K
20892,<=50K
28712,>50K
14829,>50K
21757,<=50K
3232,<=50K
6587,>50K
19624,<=50K
3913,<=50K
20855,<=50K
16333,<=50K
27413,<=50K
6069,<=50K
15510,<=50K
7653,<=50K
9528,<=50K
27973,<=50K
30282,<=50K
13200,<=50K
26946,<=50K
25834,<=50K
12181,<=50K
12764,<=50K
6379,<=50K
30812,<=50K
26879,<=50K
22148,<=50K
24520,<=50K
8940,>50K
4540,<=50K
22775,<=50K
20473,<=50K
6115,<=50K
3382,<=50K
19434,<=50K
15282,<=50K
30653,<=50K
14675,>50K
4434,<=50K
11506,<=50K
30701,<=50K
12203,<=50K
785,>50K
19753,>50K
30270,<=50K
25599,>50K
26725,<=50K
21455,<=50K
7723,<=50K
1381,<=50K
20395,<=50K
8646,<=50K
28280,<=50K
20123,<=50K
16357,<=50K
3891,<=50K
22444,<=50K
9456,<=50K
5208,<=50K
3122,<=50K
10463,<=50K
24557,<=50K
9639,<=50K
2868,>50K
22001,<=50K
10677,<=50K
3098,<=50K
18122,<=50K
13552,>50K
31132,<=50K
8232,<=50K
7763,<=50K
17027,<=50K
10271,<=50K
31917,<=50K
4991,<=50K
27141,<=50K
5473,<=50K
30821,>50K
14089,<=50K
19944,<=50K
19111,<=50K
2245,>50K
6707,<=50K
8781,<=50K
23800,<=50K
28918,<=50K
25168,<=50K
27670,<=50K
28641,<=50K
13668,<=50K
25994,<=50K
4345,>50K
18261,<=50K
4408,<=50K
11500,<=50K
20158,>50K
10350,<=50K
14527,<=50K
30947,<=50K
7395,>50K
23998,<=50K
30482,<=50K
14042,<=50K
31492,<=50K
1012,<=50K
15902,<=50K
17850,>50K
3977,<=50K
30781,<=50K
12240,<=50K
23514,>50K
6593,>50K
26511,<=50K
15880,>50K
7571,>50K
15479,<=50K
6749,<=50K
32065,<=50K
10220,<=50K
12814,>50K
13563,<=50K
8775,<=50K
6268,<=50K
13544,>50K
29270,<=50K
15941,<=50K
4663,<=50K
16665,<=50K
27695,<=50K
19546,<=50K
11936,<=50K
6946,<=50K
11604,<=50K
15213,<=50K
22584,>50K
737,>50K
7636,<=50K
26623,>50K
30165,<=50K
15090,<=50K
17020,<=50K
25377,<=50K
5499,<=50K
15798,>50K
6968,>50K
988,>50K
11177,<=50K
30952,<=50K
15312,<=50K
14582,<=50K
19503,<=50K
7637,<=50K
13757,<=50K
26138,<=50K
1955,>50K
918,>50K
4202,<=50K
4430,<=50K
7565,<=50K
30765,<=50K
31894,<=50K
2069,>50K
22024,<=50K
29644,<=50K
25240,<=50K
12104,<=50K
4587,<=50K
8056,<=50K
1130,<=50K
8489,<=50K
12458,<=50K
16164,<=50K
25418,<=50K
14436,<=50K
17738,<=50K
3062,>50K
13306,>50K
24087,>50K
26548,<=50K
4940,<=50K
13968,<=50K
8540,<=50K
31817,>50K
2826,>50K
26000,<=50K
27234,<=50K
14377,<=50K
21091,<=50K
4149,<=50K
24286,<=50K
17730,<=50K
31222,<=50K
10861,<=50K
8929,<=50K
2066,>50K
25782,>50K
